-- MySQL dump 10.13  Distrib 8.0.34, for Win64 (x86_64)
--
-- Host: localhost    Database: dsbox1
-- ------------------------------------------------------
-- Server version	8.0.35

/*!40101 SET @OLD_CHARACTER_SET_CLIENT=@@CHARACTER_SET_CLIENT */;
/*!40101 SET @OLD_CHARACTER_SET_RESULTS=@@CHARACTER_SET_RESULTS */;
/*!40101 SET @OLD_COLLATION_CONNECTION=@@COLLATION_CONNECTION */;
/*!50503 SET NAMES utf8 */;
/*!40103 SET @OLD_TIME_ZONE=@@TIME_ZONE */;
/*!40103 SET TIME_ZONE='+00:00' */;
/*!40014 SET @OLD_UNIQUE_CHECKS=@@UNIQUE_CHECKS, UNIQUE_CHECKS=0 */;
/*!40014 SET @OLD_FOREIGN_KEY_CHECKS=@@FOREIGN_KEY_CHECKS, FOREIGN_KEY_CHECKS=0 */;
/*!40101 SET @OLD_SQL_MODE=@@SQL_MODE, SQL_MODE='NO_AUTO_VALUE_ON_ZERO' */;
/*!40111 SET @OLD_SQL_NOTES=@@SQL_NOTES, SQL_NOTES=0 */;

--
-- Table structure for table `administrators`
--

DROP TABLE IF EXISTS `administrators`;
/*!40101 SET @saved_cs_client     = @@character_set_client */;
/*!50503 SET character_set_client = utf8 */;
CREATE TABLE `administrators` (
  `AdminID` bigint NOT NULL,
  `AdminName` varchar(50) CHARACTER SET utf8 COLLATE utf8_general_ci NOT NULL,
  `MobileNo` varchar(10) CHARACTER SET utf8 COLLATE utf8_general_ci NOT NULL,
  `AdminPassword` varchar(500) CHARACTER SET utf8 COLLATE utf8_general_ci NOT NULL,
  `FirebaseID` varchar(500) CHARACTER SET utf8 COLLATE utf8_general_ci NOT NULL,
  `FCMToken` varchar(500) CHARACTER SET utf8 COLLATE utf8_general_ci NOT NULL,
  `DeviceInfo` varchar(500) CHARACTER SET utf8 COLLATE utf8_general_ci NOT NULL,
  `Status` varchar(20) CHARACTER SET utf8 COLLATE utf8_general_ci NOT NULL,
  PRIMARY KEY (`AdminID`)
) ENGINE=InnoDB DEFAULT CHARSET=utf8 COLLATE=utf8_general_ci;
/*!40101 SET character_set_client = @saved_cs_client */;

--
-- Dumping data for table `administrators`
--

LOCK TABLES `administrators` WRITE;
/*!40000 ALTER TABLE `administrators` DISABLE KEYS */;
INSERT INTO `administrators` VALUES (1001,'Admin','9421013332','8bDjMgLY5LkeOFRB/Emw8w==','0','0','0','Active');
/*!40000 ALTER TABLE `administrators` ENABLE KEYS */;
UNLOCK TABLES;

--
-- Table structure for table `appconfig`
--

DROP TABLE IF EXISTS `appconfig`;
/*!40101 SET @saved_cs_client     = @@character_set_client */;
/*!50503 SET character_set_client = utf8 */;
CREATE TABLE `appconfig` (
  `ConfigName` varchar(100) CHARACTER SET utf8 COLLATE utf8_general_ci NOT NULL,
  `ConfigValue` varchar(500) CHARACTER SET utf8 COLLATE utf8_general_ci DEFAULT NULL,
  `ConfigId` int NOT NULL,
  PRIMARY KEY (`ConfigId`)
) ENGINE=InnoDB DEFAULT CHARSET=utf8 COLLATE=utf8_general_ci;
/*!40101 SET character_set_client = @saved_cs_client */;

--
-- Dumping data for table `appconfig`
--

LOCK TABLES `appconfig` WRITE;
/*!40000 ALTER TABLE `appconfig` DISABLE KEYS */;
INSERT INTO `appconfig` VALUES ('app.android.name','in.dishaswarajsoft.dsbox',1),('app.burstingfactor','14',2),('app.conversionrate','10',3),('app.flutefactor','1.5',4),('app.gsm','150',5),('app.help','0',6),('app.help.customercare','9421013332',7),('app.help.weblink','dsbox.dishaswaraj.in/help.aspx',8),('app.help.youtubechannelid','https://www.youtube.com/channel/UCwK98E8DpWc1Feo5Tt9LmKw',9),('app.marginlength','50',10),('app.marginwidth','20',11),('app.name','DS Box',12),('app.payment.accountname','Disha Swarajsoft',13),('app.payment.accountno','29882000000080',14),('app.payment.bankifsc','HDFC0002988',15),('app.payment.bankname','HDFC Bank',16),('app.payment.branch','Uruli Kanchan, Pune',17),('app.payment.qrcode','qr code image',18),('app.profit','15',19),('app.publisherkey','0',20),('app.rate','24',21),('app.senderid','DSSBOX',22),('app.smsauthkey','0',23),('app.tax','18',24),('app.trial.addon.estimates','1',25),('app.trial.days','4',26),('app.trial.estimates','15',27),('app.users','6',28),('app.waste','3',29),('premium.subscriptionend.notification','5',30),('trial.subscription.end.notification','2',31);
/*!40000 ALTER TABLE `appconfig` ENABLE KEYS */;
UNLOCK TABLES;

--
-- Table structure for table `businessdetails`
--

DROP TABLE IF EXISTS `businessdetails`;
/*!40101 SET @saved_cs_client     = @@character_set_client */;
/*!50503 SET character_set_client = utf8 */;
CREATE TABLE `businessdetails` (
  `BusinessID` bigint NOT NULL,
  `BusinessName` varchar(50) CHARACTER SET utf8 COLLATE utf8_general_ci NOT NULL,
  `Address` varchar(500) CHARACTER SET utf8 COLLATE utf8_general_ci DEFAULT NULL,
  `Pincode` varchar(6) CHARACTER SET utf8 COLLATE utf8_general_ci DEFAULT NULL,
  `ContactNo` varchar(50) CHARACTER SET utf8 COLLATE utf8_general_ci DEFAULT NULL,
  `Email` varchar(100) CHARACTER SET utf8 COLLATE utf8_general_ci DEFAULT NULL,
  `GeoLocation` varchar(500) CHARACTER SET utf8 COLLATE utf8_general_ci DEFAULT NULL,
  `MarginLength` double DEFAULT NULL,
  `MarginWidth` double DEFAULT NULL,
  `BurstingFactor` double DEFAULT NULL,
  `GSM` double DEFAULT NULL,
  `Rate` double DEFAULT NULL,
  `FluteFactor` double NOT NULL,
  `Waste` double NOT NULL,
  `ConversionRate` double NOT NULL,
  `Profit` double NOT NULL,
  `Tax` double NOT NULL,
  `EstimateNote` varchar(500) CHARACTER SET utf8 COLLATE utf8_general_ci DEFAULT NULL,
  `ActivationDate` date NOT NULL,
  `SubscriptionDate` date NOT NULL,
  `Multiuser` int NOT NULL,
  `Status` varchar(10) CHARACTER SET utf8 COLLATE utf8_general_ci DEFAULT NULL,
  PRIMARY KEY (`BusinessID`)
) ENGINE=InnoDB DEFAULT CHARSET=utf8 COLLATE=utf8_general_ci;
/*!40101 SET character_set_client = @saved_cs_client */;

--
-- Dumping data for table `businessdetails`
--

LOCK TABLES `businessdetails` WRITE;
/*!40000 ALTER TABLE `businessdetails` DISABLE KEYS */;
INSERT INTO `businessdetails` VALUES (1000002,'Rahul V. Kanchan','Uruli Kanchan, Pune','0','9421013332','dishaswarajsoft@gmail.com','',30,20,0,0,0,1.5,3,9,10,18,'1. Valid : for 15 days only. |2. Taxes extra as applicable, if not mentioned in quotation. |3. Minimum order quantity 1000. If less than 1000, then transport charges extra.','2020-08-04','2023-11-21',0,'Active'),(1000008,'New popular box factory','sip no. 13,building no. 5,yousof market, nayabazar, Dhaka, Bangladesh ','933609','1644350661','mraju089@gmail.com','',50,20,14,150,24,1.5,3,9,15,12,'','2020-08-22','2020-08-29',0,'Trial'),(1000009,'U.A.K  Box packaging ','plot no 10,11 transport nagar burhanpur','450331','9399639215','','',50,20,14,150,24,1.5,3,9,15,12,'','2020-08-22','2021-10-24',0,'Active'),(1000010,'box','India','341001','9079835334','','',50,20,14,150,24,1.5,3,9,15,12,'','2020-08-22','2020-08-29',0,'Trial'),(1000011,'Sukh Santosh Packs','M-14, Nandgaon peth midc,amravati','444902','9595185111','','',50,20,14,150,24,1.5,3,9,15,12,'','2020-08-22','2020-08-29',0,'Trial'),(1000012,'VSquare Packaging','Baramati MIDC','413133','7875304455','','',50,20,14,150,24,1.5,3,9,15,12,'','2020-08-22','2020-09-05',0,'Trial'),(1000013,'BHAGWATI PACKAGING. ','GANDHIDHAM','370201','7778970049','bhagwatipack9@gmail.com','',50,20,14,150,24,1.5,5,9,15,12,'payment Terms 20 To 30 Day','2020-08-22','2020-08-29',0,'Trial'),(1000014,'Delta packaging solutions ','Shed  C5 alangar industrial estate moodbidri','574227','9148218445','','',50,20,14,150,24,1.5,3,9,15,12,'','2020-08-22','2021-08-29',0,'Active'),(1000015,'Printshop','leather complex','144001','9872628972','','',50,20,0,0,0,1.4,3,9,15,12,'','2020-08-22','2020-08-29',0,'Trial'),(1000016,'Sai packaging','uruli kanchan','412202','9421239596','','',50,20,14,150,24,1.5,3,9,15,12,'','2020-08-22','2021-08-29',0,'Active'),(1000017,'krishna enterprises','dadri','203207','6397507062','','',50,20,14,150,24,1.5,3,9,15,12,'','2020-08-22','2020-08-29',0,'Trial'),(1000018,'MAA SYAMALAI INDUSTRIES','Chatrapur, Ganjam','761045','9658816446','','',50,20,14,150,24,1.5,3,9,15,12,'','2020-08-22','2024-10-25',0,'Active'),(1000019,'Tushant packging ','Plot no 36 salgare mla savli','416410','7972820675','','',50,20,0,0,0,1.4,1,9,15,12,'','2020-08-22','2020-08-29',0,'Trial'),(1000020,'Shree Krishna Packaging','Shastri Nagar','110052','8802991252','singhsatyam837@gmail.com','',50,20,14,150,24,1.5,3,9,15,0,'','2020-08-22','2020-08-29',0,'Trial'),(1000021,'Daksh Enterprises','Kichha,U.S.Nagar,Uttarakhand','263148','7055302001','','',50,20,14,150,24,1.5,3,9,15,12,'','2020-08-22','2021-08-29',1,'Active'),(1000022,'Ak packaging','khatraj','382421','9099303733','','',50,20,14,150,24,1.5,3,9,15,12,'','2020-08-22','2020-08-29',0,'Trial'),(1000023,'SJ PACKAGING CO.','Raza Enclave, Vill. Byoliya, Baheri, Bareilly','243201','9837961682','','',50,20,0,0,0,1.43,5,6,10,12,'','2020-08-22','2021-07-26',0,'Active'),(1000024,'SA Packaging','surat','395004','9033807808','','',50,20,0,0,0,1.5,3,9,15,12,'','2020-08-22','2020-08-29',0,'Trial'),(1000025,'pranav corrugation pvt ltd ','KARVE MIDC vita','415311','9766234567','','',50,20,0,0,0,1.5,3,6,7,12,'','2020-08-22','2020-08-29',0,'Trial'),(1000026,'Er.Majid Anwar','Lalpur rudrapur kichha uttarakhand','263153','9690436039','anwarengg78@gmail.com','',50,20,0,0,0,1.5,3,9,15,12,'Er.Majid Anwar','2020-08-22','2020-08-29',0,'Trial'),(1000027,'Govind Package','MG Road, Hapur','245101','8595728466','','',50,20,14,150,24,1.5,3,9,15,12,'','2020-08-22','2020-08-29',0,'Trial'),(1000028,'Om sai pack tech','shikrapur','412208','9890415421','','',50,20,14,150,24,1.5,3,9,15,12,'','2020-08-22','2020-08-29',0,'Trial'),(1000029,'p-cube packaging','chikhali','411062','9766114333','','',50,20,14,150,24,1.5,3,9,15,12,'','2020-08-22','2020-11-05',0,'Active'),(1000030,'Print Link','F1, sawarda complex, Indira bazar, jaipur','302001','9929288999','printlinkjpr@gmail.com','',50,20,14,150,24,1.5,5,9,15,18,'','2020-08-22','2020-08-29',0,'Trial'),(1000031,'GAMAL','Saudi Arabia','471819','0568535851','','',50,20,0,0,0,1.5,3,9,15,12,'','2020-08-22','2020-08-29',0,'Trial'),(1000032,'vimal garg','plot no ','131028','9215753888','','',50,20,14,150,24,1.5,3,9,15,12,'','2020-08-22','2020-08-29',0,'Trial'),(1000033,'panchtrayi group of industries','julewadi','416303','9325242303','','',50,20,0,0,0,1.5,3,9,15,12,'','2020-08-22','2020-08-29',0,'Trial'),(1000034,'shrinivas','Bagalkot','587201','6360421621','','',50,20,14,150,24,1.5,3,9,15,12,'','2020-08-22','2020-08-29',0,'Trial'),(1000035,'sallo','56/2 s p road, kolkata','700002','9874840010','','',50,20,14,150,24,1.5,3,9,15,12,'','2020-08-22','2020-08-29',0,'Trial'),(1000036,'Pramag','2/57,Phase 3 GIDC Halol ','389350','9376905907','','',50,20,14,150,24,1.5,3,9,15,12,'','2020-08-22','2020-08-29',0,'Trial'),(1000037,'Sheik Ibrahim','bangalore','56217','9742094250','','',50,20,14,150,24,1.5,3,9,15,12,'','2020-08-22','2020-08-29',0,'Trial'),(1000038,'yash paper','potiya manzil vapi','396191','8469122254','na881629@gmail.com','',50,20,0,0,0,1.4,3,9,15,0,'','2020-08-22','2020-11-04',0,'Active'),(1000039,'Polynova Packers','Dabhel Daman','396210','9904646572','','',50,20,14,150,24,1.5,3,9,15,12,'','2020-08-22','2020-08-29',0,'Trial'),(1000040,'Dhayapacks','Pollachi ','642107','7010389665','dhayapacks@gmail.com','',50,20,0,0,0,1.5,2,10,15,18,'','2020-08-22','2023-01-21',0,'Trial'),(1000041,'mjs cartons','pillyar koil street','600077','7708106820','','',50,20,14,150,24,1.5,3,9,15,12,'','2020-08-22','2020-08-29',0,'Trial'),(1000043,'Aarohi packaging','satara','415002','9096142681','','',50,20,14,150,24,1.5,3,9,15,12,'','2020-08-22','2020-08-29',0,'Trial'),(1000044,'R ','saware road indore','452001','9302527423','','',50,20,14,150,24,1.5,3,9,15,12,'','2020-08-22','2020-08-29',0,'Trial'),(1000045,'ADESH PACKAGING ','sahajpur daund pune','412202','8275885763','adeshpackaging63@gimail.com','',50,20,14,150,24,1.5,3,9,15,12,'','2020-08-22','2020-08-29',0,'Trial'),(1000046,'yash kamal','vapj','396191','9687705877','','',50,20,14,150,24,1.5,3,9,15,12,'','2020-08-22','2020-08-29',0,'Trial'),(1000047,'NAVODAYA PACKAGING','Bangalore Karnatak','560068','ajaykumardash2018@gmail.com','ajaykumardash2018@gmail.com','',50,20,14,150,24,1.5,3,9,15,12,'','2020-08-22','2020-08-29',0,'Trial'),(1000048,'tanweer packaging','gujrat','396191','7903810710','','',50,20,14,150,24,1.5,3,9,15,12,'','2020-08-22','2020-08-29',0,'Trial'),(1000050,'SKEW','SURAT','394210','9974671437','','',50,20,14,150,24,1.5,2,7,15,12,'','2020-08-22','2020-08-29',0,'Trial'),(1000051,'Mahamaya Udyog','Gondia','441902','9373242124','','',50,20,14,150,24,1.5,3,9,15,12,'','2020-08-22','2020-08-29',0,'Trial'),(1000052,'corogeted Box manufacturing ','jaysingpur distance. kolhapur','416101','9075701229','','',50,20,14,150,24,1.5,3,9,15,12,'','2020-08-22','2020-08-29',0,'Trial'),(1000053,'Siddharth Rajput','NIA','110001','9999349689','','',50,20,14,150,24,1.5,3,9,15,12,'','2020-08-22','2020-08-29',0,'Trial'),(1000054,'HETIX PACKAGING ','GIDC ANKLESHWAR ','393001','7016270177','','',50,20,14,150,24,1.5,3,9,15,12,'','2020-08-22','2020-08-29',0,'Trial'),(1000055,'Vinay Packaging Industries.','At-Kadavasan-382710, Ta','382710','9925744898','','',50,20,0,0,0,1.5,3,9,25,12,'1-GST charge on extra chargable2-payment within 60days After delivery.3-F.O.R delivery your factory (tempo full loded)','2020-08-22','2020-08-29',0,'Trial'),(1000056,'All packaging','indonesia','280050','081218316188','','',50,20,14,150,24,1.5,3,9,15,12,'','2020-08-22','2020-08-29',0,'Trial'),(1000057,'Balaji Sales','sunder Nagar Malad West','400064','9820265640','','',50,20,14,150,24,1.5,3,9,15,12,'','2020-08-22','2020-08-29',0,'Trial'),(1000058,'choudhari enterprises','uruli kanchan','412202','9657147474','','',50,20,14,150,24,1.5,3,9,15,12,'','2020-08-22','2020-08-29',0,'Trial'),(1000059,'Richmond Armah Oku','Accra','987654','3246550642','','',50,20,14,150,24,1.5,3,9,15,12,'','2020-08-22','2020-08-29',0,'Trial'),(1000060,'Shivay Packaging pvt. ltd.','Amalner','425401','9111612215','','',50,20,14,150,24,1.5,3,9,15,12,'','2020-08-22','2020-08-29',0,'Trial'),(1000061,'Nila paper products','Pattambi, Palakkad district, Kerala','679313','6282470533','','',50,20,14,150,24,1.5,3,9,15,12,'','2020-08-22','2020-08-29',0,'Trial'),(1000062,'Narnarayan Trading co ','vapi','395195','9898597964','','',50,20,14,150,24,1.5,3,9,15,12,'','2020-08-22','2020-08-29',0,'Trial'),(1000063,'Global packaging ','nellore','524003','8886924222','','',50,20,14,150,24,1.5,3,9,15,12,'','2020-08-22','2020-08-29',0,'Trial'),(1000064,'samrudh packaging','Yawat','412214','9011002003','','',50,20,14,150,24,1.5,3,9,15,12,'','2020-08-22','2020-08-29',0,'Trial'),(1000065,'ahmed packages ','lahore sheikhpura road ','214336','3212211001','nisarmalik01@hotmail.com','',50,20,0,0,0,1.5,3,9,15,12,'','2020-08-22','2020-08-29',0,'Trial'),(1000066,'asha printery ','Mumbai ','400013','9820059186','','',50,20,14,150,24,1.5,3,9,15,12,'','2020-08-22','2020-08-29',0,'Trial'),(1000067,'Vimal packaging','Pondicherry industrial estate','605109','9962525555','','',50,20,14,150,24,1.5,3,9,15,12,'','2020-08-23','2020-08-30',0,'Trial'),(1000068,'home','mumbai','400102','9225115392','','',50,20,14,150,24,1.5,3,9,15,12,'','2020-08-23','2020-08-30',0,'Trial'),(1000069,'sodal industries pvt. ltd.','faridabad','121004','9717173693','','',50,20,14,150,24,1.5,3,9,15,12,'','2020-08-23','2020-08-30',0,'Trial'),(1000070,'BHAGWATI PACKAGING','Gandhidham','370201','7778970048','bhagwatipack9gmail.com','',50,20,0,0,0,1.5,5,10,25,12,'payment terms 30day','2020-08-23','2020-08-30',0,'Trial'),(1000071,'Velox Industries ','Bhiwandi','421302','9322999444','','',50,20,14,150,24,1.5,3,9,15,12,'','2020-08-23','2020-08-30',0,'Trial'),(1000072,'APK PACKS ','4/69 , Aishwarya Nagar , Vellaiyapuram , Sivakasi','626130','9790062200','apkpacks@gmail.com','',50,25,0,0,0,1.5,3,13,20,12,'','2020-08-23','2020-08-30',0,'Trial'),(1000073,'Shri Parsad Pro Pack ','D-159 five star midc shendra Aurangabad','431007','9785567705','','',50,20,14,150,24,1.5,3,9,15,12,'','2020-08-23','2020-08-30',0,'Trial'),(1000074,'Tanvir printing and packaging ind','house 47 road 15 sector 3 uttara dhaka','110341','1866990720','','',50,20,14,150,24,1.5,3,9,15,12,'','2020-08-23','2020-08-30',0,'Trial'),(1000075,'yash enterprises','near kailas jeevan company dhayari','411041','7875197070','','',50,20,0,0,0,1.5,3,9,15,12,'','2020-08-23','2020-08-30',0,'Trial'),(1000076,'jaygiri print and pack','vasai','401208','9324742346','','',50,20,14,150,24,1.5,3,9,15,12,'','2020-08-23','2020-08-30',0,'Trial'),(1000077,'shre swmi samhrta packaging ','sathara rod jath midc plot no P 3','416404','9028769478','','',50,20,14,150,24,1.5,3,9,15,12,'','2020-08-23','2020-08-30',0,'Trial'),(1000078,'asma enterprise','1-2-9/B/1 subash nagar. mahabubnagar','509001','8074275306','','',50,20,14,150,24,1.5,3,9,15,12,'','2020-08-23','2020-08-30',0,'Trial'),(1000079,'Jai hanuman packaging industry ','dound pune','412203','9158509055','','',50,20,14,150,24,1.5,3,9,15,12,'','2020-08-23','2020-08-30',0,'Trial'),(1000080,'Do that','Accra','275817','3244933166','','',50,20,14,150,24,1.5,3,9,15,12,'','2020-08-23','2020-08-30',0,'Trial'),(1000081,'Sailendra Chaudhary','34/1murari pukur road','700067','9123346287','','',20,27,0,0,0,1.5,3,9,15,12,'','2020-08-23','2020-08-30',0,'Trial'),(1000082,'uttranchal packaging','kundeshwari, kashipur.,u.s.nagar','244713','9837303834','','',50,20,14,150,24,1.5,3,9,15,12,'','2020-08-23','2020-08-30',0,'Trial'),(1000084,'Vqure packaging pvt ltd ','village gaunspur Ludhiana ','141001','919356350025','','',50,20,14,150,24,1.5,3,9,15,12,'','2020-08-23','2020-08-30',0,'Trial'),(1000085,'New','New','141007','9767538100','','',50,20,14,150,24,1.5,3,9,15,12,'inch','2020-08-23','2020-10-21',0,'Trial'),(1000086,'Mak Enterprises','Kandivli','400101','9819025350','','',50,20,14,150,24,1.5,3,9,15,12,'','2020-08-23','2020-08-30',0,'Trial'),(1000087,'JS BOX','wz-15 village dasghara','110012','9971598989','','',50,20,14,150,24,1.5,3,9,15,12,'','2020-08-23','2020-08-30',0,'Trial'),(1000088,'Jyoti Packers','C-408, Sector-10, Noida ','201301','9910444033','','',50,20,14,150,24,1.5,3,9,15,12,'','2020-08-23','2020-08-30',0,'Trial'),(1000089,'balaji packaging','veraval (shaper)','360024','9879177032','','',50,20,0,0,0,1.5,3,9,15,12,'','2020-08-23','2020-08-30',0,'Trial'),(1000090,'fine packwell','village gobindgarh, focal point extention, ludhiana','141010','9465975081','finepackwell@gmail.com','',50,20,0,0,0,1.45,3,6.5,10,12,'','2020-08-23','2020-08-30',0,'Trial'),(1000091,'mayank','dhanbad','826001','9852400040','','',50,20,14,150,24,1.5,3,9,15,12,'','2020-08-23','2020-08-30',0,'Trial'),(1000092,'Ambika papers','vijayawada','520001','7569306630','','',50,20,14,150,24,1.5,3,9,15,12,'','2020-08-23','2020-08-30',0,'Trial'),(1000093,'kankriya associate','23 jhilmil nechhwa sikar','332026','9687733682','','',50,20,14,150,24,1.5,3,9,15,12,'','2020-08-23','2020-08-30',0,'Trial'),(1000094,'JAIN PACKWELL INDUSTRIES ','JALANDHAR','144021','9803020065','','',50,20,14,150,24,1.5,3,9,15,12,'','2020-08-23','2020-08-30',0,'Trial'),(1000095,'kaalu','meena ke ke ggr ke pass','110092','9910955552','','',50,20,14,150,24,1.5,3,9,15,12,'','2020-08-23','2020-08-30',0,'Trial'),(1000096,'M.M BOX FACTORY ','Dogri Road , Jalandhar ','144001','7009432404','','',50,20,14,150,24,1.5,3,9,15,12,'','2020-08-23','2020-08-30',0,'Trial'),(1000097,'Dee Pee Packaging Inds','Jammu','181133','9419240409','','',50,20,14,150,24,1.5,3,9,15,12,'','2020-08-23','2020-08-30',0,'Trial'),(1000098,'Box','abc','110006','9871538674','','',50,20,14,150,24,1.5,3,9,15,12,'','2020-08-23','2020-08-30',0,'Trial'),(1000099,'boxpack ','plot 12777','10101','0966695656','','',50,20,14,150,24,1.5,3,9,15,12,'','2020-08-23','2020-08-30',0,'Trial'),(1000100,'fazepak ','south africa','319727','7836507367','','',50,20,0,0,0,1.38,3,9,15,15,'','2020-08-23','2020-08-30',0,'Trial');
/*!40000 ALTER TABLE `businessdetails` ENABLE KEYS */;
UNLOCK TABLES;

--
-- Table structure for table `businesses`
--

DROP TABLE IF EXISTS `businesses`;
/*!40101 SET @saved_cs_client     = @@character_set_client */;
/*!50503 SET character_set_client = utf8 */;
CREATE TABLE `businesses` (
  `BusinessID` bigint NOT NULL,
  `AuthKey` varchar(100) CHARACTER SET utf8 COLLATE utf8_general_ci DEFAULT NULL,
  `SerialKey` varchar(500) CHARACTER SET utf8 COLLATE utf8_general_ci DEFAULT NULL,
  `BusinessName` varchar(100) CHARACTER SET utf8 COLLATE utf8_general_ci DEFAULT NULL,
  `ProprietorName` varchar(100) CHARACTER SET utf8 COLLATE utf8_general_ci DEFAULT NULL,
  `MobileNo` varchar(10) CHARACTER SET utf8 COLLATE utf8_general_ci DEFAULT NULL,
  `Address` varchar(500) CHARACTER SET utf8 COLLATE utf8_general_ci DEFAULT NULL,
  `BusinessType` varchar(20) CHARACTER SET utf8 COLLATE utf8_general_ci DEFAULT NULL,
  `JoiningDate` date DEFAULT NULL,
  `ExpiryDate` date DEFAULT NULL,
  `AccessDate` date DEFAULT NULL,
  `Remark` varchar(500) CHARACTER SET utf8 COLLATE utf8_general_ci DEFAULT NULL,
  `Status` varchar(20) CHARACTER SET utf8 COLLATE utf8_general_ci DEFAULT NULL,
  PRIMARY KEY (`BusinessID`)
) ENGINE=InnoDB DEFAULT CHARSET=utf8 COLLATE=utf8_general_ci;
/*!40101 SET character_set_client = @saved_cs_client */;

--
-- Dumping data for table `businesses`
--

LOCK TABLES `businesses` WRITE;
/*!40000 ALTER TABLE `businesses` DISABLE KEYS */;
INSERT INTO `businesses` VALUES (1003,'BC74:27:EA:43:27:65','BC7427EA4327657743','','','8660673124','','','2021-07-19','2021-07-23','2021-07-24','','Free'),(1005,'TR44:87:FC:5C:B7:F8','TR4487FC5CB7F83144','','','9421013332','','','2021-07-24','2021-07-24','2021-07-26','','Free'),(1006,'BC44:87:FC:5C:B7:F8','BC4487FC5CB7F83144','','','9421013332','','','2021-07-25','2022-12-31','2023-07-25','','Free'),(1008,'BC6C:2B:59:5E:F4:06','BC6C2B595EF4067353','Transfered. Arun Magi, Srawani Enterprises','','9067214428','Shirwal','Box Costing Software','2021-07-27','2021-10-04','2022-04-06','Trasnfered to New Laptop. 9764943223, 5K with 1 year \'DS Box\' single user Mobile app free.','Free'),(1009,'BC30:D0:42:01:46:6D','BC30D04201466D6188','','','9951037676','','','2021-07-27','2021-07-31','2021-07-27','','Free'),(1011,'BCD8:D0:90:44:B9:FD','BCD8D09044B9FD4928','Pradeep Kumar Das','','7638831976','','Box Costing Software','2021-07-28','2050-12-31','2021-09-03','5K with 1 year \'DS Box\' single user Mobile app free.','Active'),(1012,'PIF8:0D:AC:D2:72:7C','PIF80DACD2727C9695','Mahesh Adlinge, Wadki Nala','','9890589049','Wadki Nala, Hadapsar','Paper Inventory','2021-07-30','2050-12-31','2021-10-16','10K Paper Inventory + Box Costing Software for Windows with 1 year \'DS Box\' single user Mobile app free. Billing software to purchase in 8K','Active'),(1013,'BC54:EE:75:BA:CC:8A','BC54EE75BACC8A2947','','','7014843066','','','2021-07-30','2021-08-03','2021-07-30','','Free'),(1014,'PIE0:D5:5E:02:DB:61','PIE0D55E02DB619659','','','8595524583','','','2021-07-31','2021-08-04','2021-08-27','','Free'),(1015,'PI22:16:D8:85:00:2D','PI2216D885002D3144','','','9421013332','','','2021-08-05','2022-08-09','2022-05-22','','Free'),(1016,'BC38:00:25:E4:A5:E8','BC380025E4A5E87882','Om Sai Packaging, Abhishek  Shinde','Abhishek Shinde','8668707514','Wadgaon, Lohgaon, Pune','Box Costing','2021-08-05','2050-12-31','2021-08-17','5K Box costing on one Laptop + 1 Yr \'DS Box\' multiuser app free.','Active'),(1017,'PIB8:97:5A:6F:CF:89','PIB8975A6FCF899455','Koushik, Coimbatur','','9092304444','Coimbatur','Paper Inventory','2021-08-05','2050-12-31','2022-04-01','10K Paper Inventory+ LAN with one PC + 1 Yr \'DS Box\' app free.','Active'),(1018,'BC00:FF:8D:FA:74:2C','BC00FF8DFA742C7751','','','8268644505','','','2021-08-05','2021-08-09','2021-08-05','','Free'),(1019,'PI10:63:C8:E6:CF:BD','PI1063C8E6CFBD3331','','','8320282400','','','2021-08-07','2021-08-11','2021-08-13','','Free'),(1020,'BC00:07:09:10:2B:02','BC000709102B025923','','','9745811225','','','2021-08-07','2021-08-11','2021-08-07','','Free'),(1021,'PIC0:3F:D5:6C:6A:38','PIC03FD56C6A387299','','','9561129093','','','2021-08-07','2021-08-11','2021-08-07','','Free'),(1022,'BC1C:3E:84:EA:50:95','BC1C3E84EA50951193','','','8000009921','','','2021-08-08','2021-08-12','2021-08-08','','Free'),(1023,'PI1C:3E:84:EA:50:95','PI1C3E84EA50951193','','','8000009921','','','2021-08-08','2021-08-12','2021-08-22','','Free'),(1024,'BC40:5B:D8:86:06:58','BC405BD88606583944','','','9822873235','','','2021-08-08','2021-08-12','2021-08-12','','Free'),(1025,'BCC8:D3:FF:E1:22:B9','BCC8D3FFE122B92252','Sanjeev Nanda, Jammu','Sanjeev Nanda, Dee Pee Packaging','9419194814','','Box Costing','2021-08-09','2050-12-31','2023-06-19','12.75K Paper inventory software + Box Costing Software for PC. Price 10K + 5K & 15% Discount applied.','Active'),(1026,'PIC8:D3:FF:E1:22:B9','PIC8D3FFE122B92252','Sanjeev Nanda, Jammu','Sanjeev Nanda, Dee Pee Packaging','9419194814','','Paper Inventory','2021-08-09','2050-12-31','2022-12-20','12.75K Paper inventory software + Box Costing Software for PC. Price 10K + 5K & 15% Discount applied.','Active'),(1027,'PIC0:CB:38:FE:B3:EF','PIB8975A6FCF899455','Koushik, Coimbatur','Koushik, Coimbatur','9092304444','','Paper Invnetory','2021-08-13','2050-12-31','2022-04-01','This is client PC of a server.','Active'),(1028,'BC60:18:95:30:F6:5F','BC60189530F65F3912','Big Box and Company, MP','','9926960010','Jabalpur , MP','Box Costing','2021-08-16','2050-12-31','2023-08-01','12K, Box costing + Billing Software','Active'),(1029,'BC30:E1:71:8B:99:F9','BC30E1718B99F96959','','','9050944884','','','2021-08-19','2021-08-23','2021-08-24','','Free'),(1030,'PIE0:06:E6:4D:B2:09','PIE006E64DB2092557','','','9114444464','','','2021-08-19','2021-08-23','2021-08-19','','Free'),(1031,'PIFC:DE:56:FF:01:06','PIFCDE56FF01069933','PACK Safe, Nishant Dikshit, Kanpur','Nishant Dikshit','9695922229','Kanpur','Paper Inventory','2021-08-21','2050-12-31','2021-08-28','10K Paper Inventory + 2K Job work Coustomisation = 12K.  24/08/21 10 received.','Active'),(1032,'BCB0:68:E6:86:48:DB','BCB068E68648DB9397','','','7387218060','','','2021-08-22','2021-08-26','2021-08-22','','Free'),(1033,'BC3C:7C:3F:1C:0D:72','BC3C7C3F1C0D728547','','','7073413560','','','2021-08-22','2021-08-26','2021-08-22','','Free'),(1034,'PI88:B1:11:13:64:8C','62091713SR','','','9423250525','','','2021-08-23','2021-08-27','2021-08-23','','Free'),(1035,'BC28:D2:44:BE:32:A4','BC28D244BE32A48547','','','7073413560','','','2021-08-23','2021-08-27','2021-08-23','','Free'),(1036,'PI60:67:20:A0:F9:7D','PI606720A0F97D3124','','','9427001630','','','2021-08-24','2021-08-28','2021-08-24','','Free'),(1037,'PIFC:AA:14:8D:7D:0B','62091713SR','SunBeam, Bharat Bhatiya','','9811838060','','','2021-08-24','2023-07-08','2023-07-13','PIEC:B1:D7:4E:0C:02   Old again change  PI80:E8:2C:2D:DE:0F  Old, PIEC:B1:D7:4E:0C:02 New\r\nPI80:E8:2C:2D:DE:0F  New','Free'),(1038,'BC00:E0:4C:CC:E8:FE','BC00E04CCCE8FE7559','','','9468404096','','','2021-08-26','2021-08-30','2021-08-28','','Free'),(1039,'PIE4:A8:DF:89:9C:20','PIE4A8DF899C208921','','','8379991909','','','2021-08-29','2021-09-02','2021-08-29','','Free'),(1040,'BC00:FF:81:B5:94:B1','BC00FF81B594B15548','','','8849423578','','','2021-08-29','2021-09-02','2021-08-29','','Free'),(1041,'PIC4:34:6B:68:69:DA','PIC4346B6869DA9695','Villagant Packaging, Mahesh Adalinge','Mahesh Adalinge','9890589049','Wadki, Hadapsar','Paper Inventory','2021-08-30','2050-12-31','2021-08-30','10K for Box Costing & Paper Inventory Software','Active'),(1042,'BCC4:34:6B:68:69:DA','BCC4346B6869DA9695','Villagant Packaging, Mahesh Adalinge','Mahesh Adalinge','9890589049','Wadki, Hadapsar','Box Costing ','2021-08-30','2050-12-31','2021-09-26','10K for Box Costing & Paper Inventory Software','Active'),(1043,'PI7A:0C:B8:EC:35:E7','PI7A0CB8EC35E79799','Akash Babaria, Babaria Udyog DELETED','Akash Babaria','9893628882','Bhanpuri, Raipur, MP','Paper Inventory','2021-10-23','2022-11-02','2022-11-02','10K for Paper Inventory + 1yr DS Box App (old Lic deleted on 02/11/22)','Active'),(1044,'PIF8:0D:AC:3B:62:30','62091713SR','Sanjiv Nanda 2nd Comp, Jammu','Sanjiv Nanda 2nd Comp, Dee Pee Enterprises','9419194814','Jammu','Paper Inventory','2021-09-06','2050-12-31','2023-11-18','Sanjiv Nanada\'s 2nd Company, 10K with Jobcard.','Active'),(1045,'BCBC:E9:2F:BE:FE:FC','BCBCE92FBEFEFC3144','','','9421013332','','','2021-09-09','2021-12-01','2021-09-16','','Free'),(1046,'BCE4:AA:EA:9A:0B:68','BCE4AAEA9A0B683144','Shamshuddin Sir 1st in South Africa.','Shamshuddin +27 826005243','1234567890','Centurion, South Africa','Box Costing','2021-09-09','2050-12-31','2021-10-15','Box Csoting software sold for 5K in south Africa. My first client in SA. He also reffered one more client in SA.','Active'),(1047,'BC54:48:10:B4:52:AF','BC544810B452AF3144','Perfect Board, 2nd in South Africa.','Perfect Board, +27 833822666','1234567890','Johannesburg, South Africa','Box Costing','2021-09-10','2050-12-31','2021-10-06','Box Csoting software sold for 5K in south Africa. Reffered by my first client in SA.','Active'),(1048,'PI58:00:E3:7C:99:D3','PI5800E37C99D38194','','','8879098637','','','2021-09-13','2021-09-17','2021-09-13','','Free'),(1049,'PI10:78:D2:54:4A:55','PI1078D2544A557318','','','8360230479','','','2021-09-13','2021-09-17','2021-10-15','','Free'),(1050,'BC0C:5B:8F:27:9A:64','BC0C5B8F279A645799','East Packaging Company','','9940649695','Tamil Nadu','Box Costing Software','2021-09-14','2050-12-31','2023-02-20','4K 20% off on Ganesh festival','Active'),(1051,'PI30:8D:99:16:BD:E4','PI308D9916BDE42311','Sanjiv Nanda 3rd PC, Jammu','Sanjiv Nanda / Mohit Abrol','9419240409','Jammu','Paper Inventory','2021-09-15','2050-12-31','2023-11-10','For Free. Common PC for Dee Pee Packaging and Dee Pee Enterprises.','Active'),(1052,'BC30:8D:99:16:BD:E4','BC308D9916BDE42311','Sanjiv Nanda 3rd PC','Sanjiv Nanda / Mohit Abrol','9419240409','Jammu','Box Costing','2021-09-15','2050-12-31','2023-05-02','For Free. Common PC for Dee Pee Packaging and Dee Pee Enterprises.','Active'),(1053,'BC00:FF:16:CA:EC:6A','BC00FF16CAEC6A4576','','','9138436655','','','2021-09-15','2021-09-19','2021-09-21','','Free'),(1054,'BC78:0C:B8:64:06:A3','BC00FF16CAEC6A4576','','','9138436655','','','2021-09-16','2021-09-18','2021-10-11','','Free'),(1055,'BC1C:1B:0D:D7:ED:1E','BC1C1B0DD7ED1E3649','','','8826543085','','','2021-09-19','2021-09-23','2021-09-19','','Free'),(1056,'BC40:EC:99:B1:08:9A','BC2C8DB1DF1DF73144','Malawi','','7893236937','','','2021-09-21','2050-12-31','2023-06-29','','Active'),(1057,'BC30:C9:AB:8C:DD:B2','BC30C9AB8CDDB27349','','','8460203097','','','2021-09-22','2021-09-26','2021-09-22','','Free'),(1058,'BC22:16:D8:85:00:2D','BC4487FC5CB7F88728','','','7875621070','','','2021-09-23','2022-09-27','2022-05-22','','Free'),(1059,'BC02:2D:03:61:1C:0E','BC000F0C21CF061855','Alveera Packaging 1PC','','8209724744','','Box Costing','2021-09-23','2050-03-31','2023-07-13','5K on 6/4/2022','Active'),(1060,'PI8C:70:5A:0D:CC:E5','PI8C705A0DCCE52349','Boxify Khed Shivapur','Boxify Khed Shivapur','9112263988','Khed Shivapur','Paper Inventory','2021-09-23','2050-12-31','2023-06-02','10K for Paper Inventory','Active'),(1061,'PIF4:30:B9:C5:58:E1','PIF430B9C558E11193','','','8000009921','','','2021-09-26','2021-09-21','2021-09-26','','Free'),(1062,'BC1C:1B:0D:2B:A6:68','BC1C1B0D2BA6689558','','','9897444777','','','2021-09-28','2021-10-02','2021-09-28','','Free'),(1063,'BC34:17:EB:B6:88:15','BC3417EBB688153144','','','9421013332','','','2021-09-28','2021-10-02','2021-09-28','','Free'),(1066,'BC18:C0:4D:13:67:A0','BC18C04D1367A06569','','','9051415999','','','2021-10-01','2021-10-05','2021-10-01','','Free'),(1067,'BC60:18:95:23:76:FA','BC6018952376FA7353','Arun Magi, Srawani Enterprises','','9067214428','Shirwal','Box Costing Software','2021-10-04','2050-12-31','2023-03-18','9764943223, 5K with 1 year \'DS Box\' single user Mobile app free.','Active'),(1068,'BC1C:1B:0D:2C:9E:D3','BC1C1B0D2C9ED33784','','','9825677131','','','2021-10-05','2021-10-09','2021-10-05','','Free'),(1069,'PI04:D9:F5:AC:B7:8C','PI00E02030BF2A7112','Dinkar Masale, Shreenath Mudranalaya','Dinkar Masale','9764060915','Madhavnagar, Sangli','Paper Inventory','2021-10-05','2050-12-31','2023-08-13','10K + 4K Box Costing. Total 14K','Active'),(1070,'BCB0:0C:D1:E7:EC:F9','BC00E02030BF2A7112','Dinkar Masale, Shreenath Mudranalaya','Dinkar Masale','9764060915','Madhavnagar, Sangli','Box Costing','2021-10-05','2050-12-31','2023-11-11','4K with 10K software of Paper Inventory. Total 14K','Active'),(1072,'BC1C:69:7A:4C:CA:6A','BC1C697A4CCA6A9313','Padam Print Pack Industris','Kunwar Singh','8988200123','Himachal Pradesh','Box Costing','2021-10-07','2050-12-31','2023-04-04','5K , This company has taken more than 3-4 Licence for PC.','Active'),(1073,'BCE8:6A:64:2E:CE:2A','BCE86A642ECE2A3144','Chetan Patil, Shanay Packaging','Chetan Patil','7774065815','Mumbai','Box Costing','2021-10-11','2050-12-31','2023-10-17','13K Box Costing + Paper Inventory, No DS Box (15K - 2K Less due to no App)','Active'),(1074,'BCAE:81:12:72:91:5C','BCAE811272915C3144','Pakistan Usman Bhai','Usman Bhai','3352018833','','Box Costing','2021-10-24','2050-12-31','2022-04-25','5K Box Costing, received on 24/10/2021 IMPS to HDFC 80 Amt = 4990/-. Contact : +92 3352018833','Active'),(1075,'BC04:7D:7B:D4:9D:29','BC047D7BD49D298724','Shri Renuka Packaging','Sanjay Adgoankar','7276671034','Pune, Narhe','Box Costing','2021-10-13','2050-12-31','2022-09-08','5K 27/11/2021','Active'),(1076,'BCE4:11:5B:3C:6A:90','BCE4115B3C6A908977','','','9979976167','','','2021-10-14','2021-10-18','2022-11-07','','Free'),(1077,'BCA0:51:0B:C7:AD:D4','BCA0510BC7ADD46144','','','9555093337','','','2021-10-15','2021-10-19','2021-10-15','','Free'),(1078,'BC54:BF:64:07:F4:64','BC54BF6407F4646498','','','7358378870','','','2021-10-16','2021-10-20','2021-10-17','','Free'),(1079,'BC00:E0:4C:EB:05:8D','BC00E04CEB058D4711','','','8439650301','','','2021-10-18','2021-10-22','2021-12-09','','Free'),(1080,'PI14:CF:92:F6:AF:95','PI90F652198E5B2899','Sujata Packaging Industries, Ranjangaon','','9518788386','Ranjangaon MIDC','Paper Inventory','2021-10-23','2050-12-31','2022-08-20','10K received on 04/10/2021 for Paper Inventory Software.','Active'),(1081,'BC84:8F:69:BC:3D:F9','BC848F69BC3DF91711','','','7906630706','','','2021-10-24','2021-10-28','2021-11-02','','Free'),(1083,'BCE0:D5:5E:EE:FF:64','BCE0D55EEEFF643145','','','9925023948','','','2021-10-26','2021-10-30','2021-11-11','','Free'),(1084,'PI00:E0:4C:E0:2A:C6','PI00E04CE02AC68652','','','7878504410','','','2021-10-26','2021-10-30','2021-10-26','','Free'),(1085,'BCF8:34:41:B1:5F:E4','BCF83441B15FE43958','Sitaram Printers','Sitaram Printers','9824974376','Gujrat','Box Costing','2021-10-27','2050-12-31','2023-11-18','5K Box Costing','Active'),(1086,'BC30:D0:42:0F:57:30','BC30D0420F57303144','','','9421013332','','','2021-10-27','2021-10-31','2021-11-02','','Free'),(1087,'BCCC:52:AF:C7:6E:0B','BCCC52AFC76E0B4937','','','8830922768','','','2021-10-27','2021-10-31','2021-10-30','','Free'),(1088,'PICC:52:AF:C7:6E:0B','PICC52AFC76E0B4937','','','8830922768','','','2021-10-27','2021-10-31','2021-10-29','','Free'),(1089,'BC00:17:7C:5D:82:56','BC00177C5D82565579','Yashavi Packaging','Venu Madhav Hedge','9448466193','Menglore','Box Costing','2021-10-28','2050-12-31','2022-03-04','','Active'),(1090,'PI00:E0:4F:00:34:4C','PI00E04F00344C8888','Shanay Packaging, Chetan Patil','Chetan Patil','9271737274','Mumbai','Paper Inventory','2021-10-28','2050-12-31','2023-11-05','13K Box Costing + Paper Inventory, No DS Box (15K - 2K Less due to no App)','Active'),(1091,'BCD0:BF:9C:9B:E5:58','BCD0BF9C9BE5583144','','','9421013332','','','2021-10-28','2021-12-01','2021-11-04','','Free'),(1094,'BCB0:83:FE:8D:1E:55','BCB083FE8D1E553886','Dhananjay Ikhar, Shree Ram Packaging','Dhananjay Ikhar, Shree Ram Packaging','9822727057','Deoli, Wardha','Box Costing','2021-10-29','2050-11-09','2023-11-04','4K on 9/11/2021.  Next year onwards 5H yearly.','Active'),(1095,'BC30:9C:23:9A:99:3B','BC309C239A993B7586','','','9763487752','','','2021-10-30','2021-11-03','2021-10-30','','Free'),(1096,'BC40:5B:D8:86:06:57','BC405BD88606583944','Gatha Packaging, Shewale','Prakash Shevale','9822873235','Pandharpur','Box Costing','2021-11-01','2050-12-31','2021-11-01','5K received on  12/10/2021','Active'),(1097,'BC8C:47:BE:29:EE:DB','BC8C47BE29EEDB9773','','','9989656929','','','2021-11-01','2021-11-05','2021-11-01','','Free'),(1098,'BC8E:70:5A:0D:CC:E4','BC8E705A0DCCE42349','Boxify Khed Shivapur','Boxify Khed Shivapur','9112263988','Khed Shivapur','Box Costing','2021-11-02','2050-12-31','2021-12-06','','Active'),(1099,'PIEC:2E:98:65:53:0A','PIEC2E9865530A9416','','','7985370152','','','2021-11-02','2021-11-06','2021-11-02','','Free'),(1100,'BCE0:69:95:F1:C5:43','BCE06995F1C5431375','','','9900216141','','','2021-11-03','2021-11-07','2021-11-19','','Free');
/*!40000 ALTER TABLE `businesses` ENABLE KEYS */;
UNLOCK TABLES;

--
-- Table structure for table `clientdetails`
--

DROP TABLE IF EXISTS `clientdetails`;
/*!40101 SET @saved_cs_client     = @@character_set_client */;
/*!50503 SET character_set_client = utf8 */;
CREATE TABLE `clientdetails` (
  `ClientID` bigint NOT NULL,
  `BusinessID` int NOT NULL,
  `ClientName` varchar(100) CHARACTER SET utf8 COLLATE utf8_general_ci NOT NULL,
  `MobileNo` varchar(10) CHARACTER SET utf8 COLLATE utf8_general_ci NOT NULL,
  `Address` varchar(500) CHARACTER SET utf8 COLLATE utf8_general_ci DEFAULT NULL,
  PRIMARY KEY (`ClientID`)
) ENGINE=InnoDB DEFAULT CHARSET=utf8 COLLATE=utf8_general_ci;
/*!40101 SET character_set_client = @saved_cs_client */;

--
-- Dumping data for table `clientdetails`
--

LOCK TABLES `clientdetails` WRITE;
/*!40000 ALTER TABLE `clientdetails` DISABLE KEYS */;
INSERT INTO `clientdetails` VALUES (1,0,'test12345678@c.us','123456782.','test12345678@c.us'),(100000200004,1000002,'Manasi Snacks','9923030337','Pune, Maharashtra 412202'),(100000200005,1000002,'Kumar Furniture','9158109109','Uruli Kanchan, Pune Solapur Road'),(100000200016,1000002,'Chintamani Aqua 1','67579378','Nasik'),(100000200017,1000002,'New Client','1237567890','Pune, Maharashtra'),(100000200018,1000002,'Gggg','123','Gfgg'),(100000200020,1000002,'New New','1232','Abc'),(100000200021,1000002,'Hxbn',' 91 567889','Gsgh'),(100000200022,1000002,'Jsjdj','656','Jdhdmk Jdjkd Dkej Ffnkf F Cjrk Fcioe F No If Fjdkr Fbdfjb Fjid Fbdidofn Doodh Dndolrnkd Dobf Dikrbd Ddf'),(100000200023,1000002,'Technocrats Garments Industries Div','1234567890','Uruli Kanchan Pune 412202'),(100000200024,1000002,'Boxify','1234567899','Aaa'),(100000200025,1000002,'Khhf','9421013332','Uruli'),(100000200026,1000002,'Rakeshji','9421013330','Mp'),(100000900001,1000009,'Box','123654789','Surat'),(100000900002,1000009,'Lalit Bhai','123454','Cavag'),(100000900003,1000009,'Padam Products','8989617347','Khargon'),(100001000001,1000010,'Box','9079835334','India'),(100001000002,1000010,'Box','9829305966','India'),(100001000003,1000010,'Nathmal Bhati','9799365966','India'),(100001200001,1000012,'Prasad Khamkar','7875304455','Pomalwadi'),(100001300001,1000013,'Shree Laher Orgo Chem','9879576118','GANDHIDHAM'),(100001300002,1000013,'Riva Perfumes','7674605411','Anjar Gidc'),(100001300003,1000013,'Jay Mogal Enterprise','9099919990','GANDHIDHAM'),(100001300004,1000013,'Archana Labels','9723633325','GANDHIDHAM'),(100001300005,1000013,'M D Equipment Pvt Ltd','9205131315','Mundra'),(100001300006,1000013,'Aadi Shop','9978790667','GANDHIDHAM'),(100001300007,1000013,'Bohra Faishone','9638710975','Ahmedabad'),(100001300008,1000013,'Sun Products','9974999439','Kasez Gandhidham'),(100001300009,1000013,'Syngal Cargo Conveyors','6359091666','GANDHIDHAM'),(100001300010,1000013,'Tejram Dharamram Paul','9725086089','KASEZ  GANDHIDHAM'),(100001300011,1000013,'Rajsthan Namkeen','8160274152','GANDHIDHAM'),(100001300012,1000013,'TEXPOLY','9978432432','KASEZ GANDHIDHAM'),(100001300013,1000013,'Sanjaybhai','9978787861','GANDHIDHAM'),(100001300014,1000013,'KAMNA GUTKHA','8949802448','kASEZ GANDHIDHAM'),(100001300015,1000013,'Man Industy','9428678493','Bhuvad'),(100001300016,1000013,'Rajdhani ','9909668078','Adipur'),(100001300017,1000013,'Lager Pharmaceutical','9427647997','GANDHIDHAM'),(100001300018,1000013,'OREN EMP0WER','9925749559','Ghadhidham'),(100001300019,1000013,'V JAGDISH KUMAR','9825225154','Ghadhidham'),(100001300020,1000013,'DIVAN INDUSTRY','9825698100','GANDHIDHAM'),(100001300021,1000013,'ATLAS CABEL','9913111180','GANDHIDHAM'),(100001300022,1000013,'RABBI TEXTILE','9978513640','ANJAR'),(100001300023,1000013,'RATAN GARMENT','9726448232','GANDHIDHAM'),(100001300024,1000013,'VISHAKHA SOLAR','7069008314','MUNDRA'),(100001300025,1000013,'CLACCY TOUCH','9773596562','GANDHIDHAM'),(100001300026,1000013,'VIRAL PACKING','9825225554','GANDHIDHAM'),(100001300027,1000013,'IAL CONTIONARS','9638663050','GANDHIDHAM'),(100001300028,1000013,'CTA LOGISTICS','7698648971','BHiMASAR'),(100001300029,1000013,'ROYAL CHEMICAL','9586527927','GANDHIDHAM'),(100001300030,1000013,'CONCORD OVERSEAS','9925749558','GANDHIDHAM'),(100001300031,1000013,'KEVY CONSUMER','9909546066','MADHAPER  BHUJ'),(100001300032,1000013,'H J CHAUHAN','9913996577','ANJAR'),(100001300033,1000013,'NAYSHA INTERNATIONAL','9898098337','AHMEDABAD'),(100001300034,1000013,'Sanitiz India','777884292','Aadipur'),(100001300035,1000013,'M K INDUSTRIES','9328812560','JAMNAGAR'),(100001400001,1000014,'Thomas Associates','9148218445','D40 Majak Moodbidri'),(100001400002,1000014,'Halwa Vittla','9148218441','Fghhjiivvv Gghtfgfgtt'),(100001400006,1000014,'Prasad Oil','9898659865','Ffgyhjn'),(100001400007,1000014,'Manjeshwara','66666666','Manjeswar'),(100001400008,1000014,'Halwa Vittla','9898659885','Hdnffnkg'),(100001500001,1000015,'Metro','1111111111','Surgical Complex'),(100001600001,1000016,'Aarti Gul Udyog','8888090485','Uruli Kanchan'),(100001700001,1000017,'Dev','9546735486','Dadri'),(100001800001,1000018,'Kaju Box','9778820725','Ire'),(100001800003,1000018,'Water','9437260132','Kaliabali'),(100001800005,1000018,'Narayan','9861519593','Berhampur'),(100001800015,1000018,'Luchi','9777708244','Bhanjanagar'),(100001800016,1000018,'Simanchala ','9658173197','Bhatabuguda'),(100001800017,1000018,'SimanChal','9658816446','Bhatabuguda'),(100001800018,1000018,'Mushroom ','9556448863','Berhampur'),(100001900001,1000019,'Pinto','7720034750','India Government'),(100001900002,1000019,'Om','9421','Sanj'),(100001900003,1000019,'Tushant ','9421163528','Svli'),(100002000001,1000020,'Pankaj ','7011914846','Bawana'),(100002000002,1000020,'Via Auto ','123456789','Delhi'),(100002100001,1000021,'Maa Padmavat','9742959178','Sidcul, Rudrapur'),(100002100002,1000021,'Radico','8937989000','Bazpur'),(100002100003,1000021,'Alayana Packaging','9760088888','Fulsunga,Rudrapur'),(100002100004,1000021,'Z.R.Beverages','7906163791','Rudrapur'),(100002100005,1000021,'V.P Packaging','9999999999','Lalpur'),(100002100006,1000021,'Shivika','7830421180','Rudrapur'),(100002100007,1000021,'Pilco','8795601555','Sidcul, Rudrpur'),(100002100008,1000021,'TVS Lukas','9068800743','Sidcul,Rudrapur'),(100002100009,1000021,'Sri Udit Agrawal Ji','9837848442','Kashipur Road, Rudrapur'),(100002100010,1000021,'Coolship','9999999789','Rudrapur'),(100002100011,1000021,'lalpur ','789456123','lalpur'),(100002100012,1000021,'Gadarpur Sweets','123456789','Gadarpur'),(100002100013,1000021,'Nice Valey','9927728800','Chhinki,Kichha'),(100002100014,1000021,'Lumax Cornaglia','0000000000','Shimla'),(100002100015,1000021,'Saroj','9999999888','Kichha'),(100002100016,1000021,'Saroj','9999999889','Kichha'),(100002100017,1000021,'Manish Goyal','7983818041','Kichha'),(100002100018,1000021,'Manish Goyal','8477950000','Kichha'),(100002100019,1000021,'Innovative','9927066957','Rudrapur'),(100002100020,1000021,'DPI','9876543210','Rudrapur'),(100002100021,1000021,'DPI','7890000789','Rudrapur'),(100002100022,1000021,'Shivani Locks Pvt. Ltd.','9837065479','Sidcul,Rudrapur'),(100002100023,1000021,'Amit','7055302001','Kichha'),(100002100024,1000021,'BST Textiles','9927066666','Rudrapur'),(100002100025,1000021,'BHV','3693693693','Sidcul'),(100002100026,1000021,'GPPL','7897897890','Sirarganj'),(100002200001,1000022,'Npf','9998545755','Khatraj'),(100002300001,1000023,'Superior','7906890421','Bareilly'),(100002300002,1000023,'Radico Khaitan','0000000000','Rampur'),(100002300003,1000023,'CG Foods Products','0000012345','Pantnagar'),(100002300004,1000023,'Kesar Enterprises Ltd','1234512345','Baheri'),(100002400001,1000024,'New','3215467890','Surat'),(100002700001,1000027,'Neeraj','9415513312','Noida'),(100002800001,1000028,'DIPAk','9766030308','Shikarpur'),(100002800002,1000028,'New','9766030908','Shikarpur'),(100002900001,1000029,'ds','9545103649','Kharadi'),(100002900002,1000029,'Dss','9545106325','Pune'),(100003000001,1000030,'Palsons Ashok Ji','9314523600','Civil Line, Jaipur'),(100003100001,1000031,'Maaly Tissue','0568535851','Buraydah'),(100003400001,1000034,'New traders','9970797471','VijayPur'),(100003800001,1000038,'K Patel','12345678','Daman'),(100003800002,1000038,'Alfa','7004456398','Daman'),(100003800003,1000038,'Goldmedal','7867867861','Vapi'),(100003800004,1000038,'Concept','786','Vapi'),(100003800005,1000038,'Vision','7861','Vapi'),(100003800006,1000038,'N T I','78651','Vapi'),(100003800007,1000038,'Goldmedal INNER','7863','Vapi'),(100003800008,1000038,'Alpha','7865','Vapi'),(100003800009,1000038,'Duplex Box','7865','Vapi'),(100003800010,1000038,'Addzol','7868','Vapi'),(100003800011,1000038,'Viva  Box','78615','Vapi'),(100003800012,1000038,'S. S. Gruh','7860','Vapi'),(100003800013,1000038,'Spice','786001','Vapi'),(100003800014,1000038,'Silvar Port','786003','Vapi'),(100003800015,1000038,'Magrifi','7860016','Vapi'),(100003800016,1000038,'AQSA','7860017','Vapi'),(100003800017,1000038,'UNIQUE . WIRE','7860026','Vapi'),(100003800020,1000038,'Rk','000000','Vapi'),(100003800021,1000038,'Aziz','1111222','Vapi'),(100003800022,1000038,'Aziz 1','8686886','Vapi'),(100003800023,1000038,'Automatic Machine','1112224','Umargawn'),(100003800025,1000038,'Aziz','2265562','Vapi'),(100003900001,1000039,'Jitendra Yadav','9104572125','168/100-101B, Dabhel Industrial Development Co Society Ltd, Daman, Daman, Daman and Diu 396215, India'),(100004000001,1000040,'Luk','9095490250','Pollachi'),(100004000002,1000040,'Eco','6464846169','Pol'),(100004000003,1000040,'Venget','9092552394','Coimbatore'),(100004000004,1000040,'GDC','9940750761','Poy'),(100004000005,1000040,'Skyform','9442432128','Pollachi'),(100004600001,1000046,'New Client','1234512345','Delhi'),(100004700001,1000047,'Arush Packaging ','1234567895','Koppa - Begur Rd, Bengaluru, Karnataka 560105, India'),(100004700002,1000047,'Skanda Associated ','1234567896','Hullahali Village. Karnatak'),(100005000001,1000050,'Xyz','99999999','Abc'),(100005100001,1000051,'Abv','3197619764','Bwbsua'),(100005400001,1000054,'Pragati industries ','9558823547','Gidc Ankleshwar'),(100005500001,1000055,'Pharmanza (India) Pvt LTD.','9825068425','At-khambhat(Gujarat)'),(100005500002,1000055,'Ambica Sugar Candy.','9426546023','Deesa'),(100006000001,1000060,'Xyz','1234567890','Jalagaon'),(100006000002,1000060,'Shivay Packaging Pvt. Ltd','7507315665','X Y z ,Amalnr 30'),(100006000003,1000060,'Lupin Ltd.','1234569870','Pithampur'),(100006000004,1000060,'Hirotonn Xy Z','9178755545','Xyz,Delhi'),(100006000005,1000060,'Cadbary Dairy Milk','7507319554','Z D N Jalgon'),(100006100001,1000061,'Medizone Ongallur','9946512228','Ongallur'),(100006300001,1000063,'Adj','9848488079','Nellore'),(100006800001,1000068,'Abc','123','Xyz'),(100007000001,1000070,'OREN EMPOWER','9925749559','Gandhidham'),(100007000002,1000070,'SHREE LAHER ORGO CHEM','9879576118','Gandhidham'),(100007000003,1000070,'M K INDUSTRIES','9909668078','Jamnagar'),(100007000004,1000070,'Classy Tuch','9638710975','Gandhidham, Gujarat, India'),(100007200001,1000072,'Praneesh','7708885588','Sivakasi'),(100007300001,1000073,'Mahesh Industry( Sunsign)','8668959325','Five Star Midc Shendra'),(100008500001,1000085,'Shivam','8954437960','Ludhiana'),(100008500002,1000085,'Aryan','8830472700','Bairagwadi'),(100008700001,1000087,'Abs','8767648494','Wn Jajsk12'),(100009000001,1000090,'S K Bikes','1234567890','Focal Ponit'),(100009000002,1000090,'Sanmati Plastic','1234567891','Dehlon Road'),(100009000003,1000090,'Hartex Rubber','1234567800','Dehlon Road'),(100009100001,1000091,'Ojas Dhara','1234567890','Panduki'),(100009200001,1000092,'Jitendra','9176296056','Vijayawada'),(100009400001,1000094,'Ashk','14','Rjrr'),(100009500001,1000095,'Lallu','8048565758','Meena Ke Piche Walu Gali'),(100009700001,1000097,'mohit','1234567890','bb'),(100009800001,1000098,'abc','1234','xyz'),(100010000001,1000100,'Box1','0312627043','R H');
/*!40000 ALTER TABLE `clientdetails` ENABLE KEYS */;
UNLOCK TABLES;

--
-- Table structure for table `developers`
--

DROP TABLE IF EXISTS `developers`;
/*!40101 SET @saved_cs_client     = @@character_set_client */;
/*!50503 SET character_set_client = utf8 */;
CREATE TABLE `developers` (
  `UserID` int NOT NULL,
  `UserName` varchar(20) CHARACTER SET utf8 COLLATE utf8_general_ci NOT NULL,
  `UserPassword` varchar(500) CHARACTER SET utf8 COLLATE utf8_general_ci NOT NULL,
  `FullName` varchar(50) CHARACTER SET utf8 COLLATE utf8_general_ci NOT NULL,
  `MobileNo` varchar(10) CHARACTER SET utf8 COLLATE utf8_general_ci NOT NULL,
  `UserRole` varchar(10) CHARACTER SET utf8 COLLATE utf8_general_ci NOT NULL,
  `Members` int NOT NULL,
  `Reports` int NOT NULL,
  `SMS` int NOT NULL,
  `Setting` int NOT NULL,
  `Status` varchar(10) CHARACTER SET utf8 COLLATE utf8_general_ci NOT NULL,
  PRIMARY KEY (`UserID`)
) ENGINE=InnoDB DEFAULT CHARSET=utf8 COLLATE=utf8_general_ci;
/*!40101 SET character_set_client = @saved_cs_client */;

--
-- Dumping data for table `developers`
--

LOCK TABLES `developers` WRITE;
/*!40000 ALTER TABLE `developers` DISABLE KEYS */;
INSERT INTO `developers` VALUES (1000,'Admin','ALnqUfmcnnBMJ3f0zZrLKg==','Rahul Kanchan','9421013332','Admin',1,1,1,1,'Active');
/*!40000 ALTER TABLE `developers` ENABLE KEYS */;
UNLOCK TABLES;

--
-- Table structure for table `estimatedetails`
--

DROP TABLE IF EXISTS `estimatedetails`;
/*!40101 SET @saved_cs_client     = @@character_set_client */;
/*!50503 SET character_set_client = utf8 */;
CREATE TABLE `estimatedetails` (
  `EstimateID` bigint NOT NULL,
  `BusinessID` bigint NOT NULL,
  `ClientID` bigint NOT NULL,
  `UserID` bigint NOT NULL,
  `EstimateDate` date NOT NULL,
  `BoxName` varchar(50) CHARACTER SET utf8 COLLATE utf8_general_ci NOT NULL,
  `Length(mm)` double NOT NULL,
  `Width(mm)` double NOT NULL,
  `Height(mm)` double NOT NULL,
  `Ply` double NOT NULL,
  `Ups` double NOT NULL,
  `CuttingLengthMargin` double NOT NULL,
  `DecalSizeMargin` double NOT NULL,
  `CuttingLength` double NOT NULL,
  `DecalSize` double NOT NULL,
  `TopBF` double NOT NULL,
  `TopGSM` double NOT NULL,
  `TopRate` double NOT NULL,
  `F1BF` double NOT NULL,
  `F1GSM` double NOT NULL,
  `F1Rate` double NOT NULL,
  `F1FF` double NOT NULL,
  `M1BF` double NOT NULL,
  `M1GSM` double NOT NULL,
  `M1Rate` double NOT NULL,
  `F2BF` double NOT NULL,
  `F2GSM` double NOT NULL,
  `F2Rate` double NOT NULL,
  `F2FF` double NOT NULL,
  `M2BF` double NOT NULL,
  `M2GSM` double NOT NULL,
  `M2Rate` double NOT NULL,
  `F3BF` double NOT NULL,
  `F3GSM` double NOT NULL,
  `F3Rate` double NOT NULL,
  `F3FF` double NOT NULL,
  `BottomBF` double NOT NULL,
  `BottomGSM` double NOT NULL,
  `BottomRate` double NOT NULL,
  `TotalGSM` double NOT NULL,
  `TotalBS` double NOT NULL,
  `NetWeight` double NOT NULL,
  `NetPaperCost` double NOT NULL,
  `Waste` double NOT NULL,
  `TotalWeight` double NOT NULL,
  `TotalPaperCost` double NOT NULL,
  `ConversionRate` double NOT NULL,
  `OverheadCharges` double NOT NULL,
  `BoxCost` double NOT NULL,
  `Profit` double NOT NULL,
  `BoxPrice` double NOT NULL,
  `Tax` double NOT NULL,
  `BoxPriceWithTax` double NOT NULL,
  `Comment` varchar(500) CHARACTER SET utf8 COLLATE utf8_general_ci DEFAULT NULL,
  `Length(cm)` double DEFAULT NULL,
  `Width(cm)` double DEFAULT NULL,
  `Height(cm)` double DEFAULT NULL,
  `Length(inch)` double DEFAULT NULL,
  `Width(inch)` double DEFAULT NULL,
  `Height(inch)` double DEFAULT NULL,
  PRIMARY KEY (`EstimateID`)
) ENGINE=InnoDB DEFAULT CHARSET=utf8 COLLATE=utf8_general_ci;
/*!40101 SET character_set_client = @saved_cs_client */;

--
-- Dumping data for table `estimatedetails`
--

LOCK TABLES `estimatedetails` WRITE;
/*!40000 ALTER TABLE `estimatedetails` DISABLE KEYS */;
INSERT INTO `estimatedetails` VALUES (100000200001,1000002,100000200004,100000201,'2020-08-14','Potato Wafers Rs.10/-',300,390,290,3,1,50,20,56.299213,27.559055,14,140,21.25,12,120,19.5,1.4,12,120,19.5,0,0,0,0,0,0,0,0,0,0,0,0,0,0,428,4.12,428,8.591,3,441,8.84873,9,0.75,13.56773,15,15.602889,12,17.475236,'',NULL,NULL,NULL,NULL,NULL,NULL),(100000200002,1000002,100000200004,100000201,'2020-08-14','Banana Wafers Rs. 20/- Salty',350,328,410,5,1,50,20,55.354331,29.84252,14,150,21,12,120,19,1.5,12,120,19,12,120,19,1.5,12,150,19,0,0,0,0,0,0,0,780,6.78,832,16.128,3,857,16.61184,9,1.5,25.82484,15,29.698566,12,33.262394,'',NULL,NULL,NULL,NULL,NULL,NULL),(100000200003,1000002,100000200005,100000201,'2020-08-14','4 Pillow Set Box',475,400,700,3,1,50,20,70.866142,44.094488,12,160,21.5,12,120,21.5,1.5,12,160,21.5,0,0,0,0,0,0,0,0,0,0,0,0,0,0,500,4.56,1009,21.6935,3,1039,22.344305,9,0,31.695305,10,34.864835,12,39.048616,'',NULL,NULL,NULL,NULL,NULL,NULL),(100000200006,1000002,100000200005,100000207,'2020-08-15','Isha',250,230,260,3,2,56,36,40,40,12,150,20,12,150,20,1.5,12,150,20,0,0,0,0,0,0,0,0,0,0,0,0,0,0,525,4.5,271,5.42,3,279,5.5826,9,0,8.0936,15,9.30764,12,10.424557,'',NULL,NULL,NULL,NULL,NULL,NULL),(100000200016,1000002,100000200004,100000201,'2020-08-15','Mung Dal Rs. 5/-',325,300,250,5,2,50,20,51.181102,44.094488,14,150,21,12,100,19.5,1.4,12,100,19.5,12,100,19.5,1.5,12,100,19.5,0,0,0,0,0,0,0,640,5.7,466,9.2505,3,480,9.528015,9,0,13.848015,15,15.925217,12,17.836243,'',NULL,NULL,NULL,NULL,NULL,NULL),(100000200017,1000002,100000200016,100000201,'2020-08-16','1 Lit',307,232,280,3,2,50,17,44.409449,41,18,150,22,18,120,22,1.32,18,120,22,0,0,0,0,0,0,0,0,0,0,0,0,0,0,428.4,5.94,251.5,5.533,3,260,5.69899,9,0.25,8.28899,15,9.532338,12,10.676219,'',NULL,NULL,NULL,NULL,NULL,NULL),(100000200018,1000002,100000200017,100000201,'2020-08-21','New Box',250,290,250,5,1,50,20,44.488189,22.047244,16,180,24,12,120,20.5,1.4,12,120,20.5,12,120,20.5,1.4,14,150,22,0,0,0,0,0,0,0,786,7.86,497,10.73,3,512,11.0519,9,0.5,16.1599,15,18.583885,12,20.813951,'',NULL,NULL,NULL,NULL,NULL,NULL),(100000200019,1000002,100000200004,100000201,'2020-08-27','Box',0,0,0,5,1,2591,1067,102,42,12,90,20,12,90,20,1.5,12,90,20,12,90,20,1.5,12,90,20,0,0,0,0,0,0,0,540,4.32,1493,29.86,0,1493,29.86,0,0,29.86,40,41.804,12,46.82048,'',NULL,NULL,NULL,NULL,NULL,NULL),(100000200020,1000002,100000200004,100000201,'2020-08-31','Sam 1',635,381,280,3,1,50,20,81.968504,26.811024,20,250,40,20,100,30,1.5,20,100,30,0,0,0,0,0,0,0,0,0,0,0,0,0,0,500,8,709,24.81,3,730,25.5543,7,0,30.6643,10,33.73073,12,37.778418,'',NULL,NULL,NULL,NULL,NULL,NULL),(100000200021,1000002,100000200004,100000201,'2020-09-01','Gg',340,250,250,3,1,50,33,48.425197,21,28,250,42,22,200,24,1.4,22,150,24,0,0,0,0,0,0,0,0,0,0,0,0,0,0,680,12.5,446,13.656,3,459,14.06568,7,0,17.27868,10,19.006548,12,21.287334,'',NULL,NULL,NULL,NULL,NULL,NULL),(100000200022,1000002,100000200004,100000201,'2020-09-04','Dhf',810,325,548,5,1,100,20,93.3,35.15748,0,180,25,0,120,25,1.5,0,120,25,0,120,25,1.5,0,120,25,0,0,0,0,0,0,0,780,0,1651,41.275,3,1701,42.51325,7,0,54.42025,10,59.862275,12,67.045748,'',NULL,NULL,NULL,NULL,NULL,NULL),(100000200023,1000002,100000200004,100000201,'2020-09-04','Gaf',1100,230,240,7,1,121,13,109.5,19,18,120,28,18,120,28,1.5,18,120,28,18,120,28,1.5,18,120,28,18,120,28,1.5,18,120,28,1020,11.88,1370,38.36,5,1439,40.278,14,0,60.424,15,69.4876,12,77.826112,'',NULL,NULL,NULL,NULL,NULL,NULL),(100000200024,1000002,100000200017,100000201,'2020-09-05','Jfh',266,524,0,3,2,50,13,31,19,18,230,30,15,100,23,1.5,15,100,23,0,0,0,0,0,0,0,0,0,0,0,0,0,0,480,6.39,91,2.3975,5,96,2.517375,9,1,4.381375,30,5.695787,12,6.379282,'',NULL,NULL,NULL,NULL,NULL,NULL),(100000200025,1000002,100000200004,100000201,'2020-09-06','Box Q',300,250,250,3,1,50,13,45.275591,20.19685,12,200,22,12,200,22,1.5,12,200,22,0,0,0,0,0,0,0,0,0,0,0,0,0,0,700,6,413,9.086,3,425,9.35858,7,0,12.33358,20,14.800296,12,16.576332,'',NULL,NULL,NULL,NULL,NULL,NULL),(100000200026,1000002,100000200017,100000201,'2020-09-12','Abc',200,200,70,3,1,50,13,33.464567,11.141732,12,100,20,12,100,20,1.5,12,100,20,0,0,0,0,0,0,0,0,0,0,0,0,0,0,350,3,84,1.68,3,87,1.7304,9,0,2.5134,15,2.89041,12,3.237259,'',NULL,NULL,NULL,NULL,NULL,NULL),(100000200027,1000002,100000200004,100000201,'2020-09-18','Fhh',558,460,915,3,1,50,20,82.125984,54.92,25,200,25,25,200,25,1.5,25,200,25,0,0,0,0,0,0,0,0,0,0,0,0,0,0,700,12.5,2037,50.925,3,2098,52.45275,7,0,67.13875,10,73.852625,12,82.71494,'',NULL,NULL,NULL,NULL,NULL,NULL),(100000200028,1000002,100000200005,100000201,'2020-09-19','Mono',0,0,0,1,4,889,889,35,35,28,300,45,0,0,0,0,0,0,0,0,0,0,0,0,0,0,0,0,0,0,0,0,0,300,8.4,59.25,2.66625,3,61,2.746237,7,0,3.173237,10,3.490561,12,3.909429,'',NULL,NULL,NULL,NULL,NULL,NULL),(100000200029,1000002,100000200017,100000201,'2020-09-30','New',420,340,295,5,1,50,20,61.811024,25.787402,18,140,25,18,140,25,1.5,18,140,25,18,140,25,1.5,18,140,25,0,0,0,0,0,0,0,840,10.08,864,21.6,3,890,22.248,7,0,28.478,10,31.3258,12,35.084896,'',NULL,NULL,NULL,NULL,NULL,NULL),(100000200030,1000002,100000200005,100000201,'2020-10-06','Per Kg',0,0,0,3,1,762,762,30,30,14,150,0,14,150,0,1.5,14,150,0,0,0,0,0,0,0,0,0,0,0,0,0,0,0,525,5.25,305,0,3,314,0,40,0,12.56,10,13.816,12,15.47392,'',NULL,NULL,NULL,NULL,NULL,NULL),(100000200032,1000002,100000200005,100000201,'2020-10-10','New',250,250,250,3,2,70,25,42.125984,40.354331,12,120,25,12,120,25,1.5,12,120,25,0,0,0,0,0,0,0,0,0,0,0,0,0,0,420,3.6,230.5,5.7625,3,238,5.935375,7,0,7.601375,10,8.361512,12,9.364894,'',NULL,NULL,NULL,NULL,NULL,NULL),(100000200034,1000002,100000200017,100000201,'2020-10-15','Belgaon',295,295,210,5,1,50,20,48.425197,20.669291,16,100,21.5,16,100,21.5,1.5,16,100,21.5,16,100,21.5,1.5,16,100,21.5,0,0,0,0,0,0,0,600,6.4,389,8.3635,3,401,8.614405,9,0,12.223405,10,13.445745,12,15.059235,'',NULL,NULL,NULL,NULL,NULL,NULL),(100000200035,1000002,100000200005,100000201,'2020-10-16','Box',250,250,250,3,1,50,20,41.338583,20.472441,12,150,25,12,180,24,1.5,12,160,24,0,0,0,0,0,0,0,0,0,0,0,0,0,0,580,4.8,316,7.666,3,325,7.89598,9,1,11.82098,15,13.594127,12,15.225422,'',NULL,NULL,NULL,NULL,NULL,NULL),(100000200036,1000002,100000200017,100000201,'2020-10-23','Box',351,388,312,3,1,50,20,60.15748,28.346457,12,180,25,12,180,25,1.5,12,180,25,0,0,0,0,0,0,0,0,0,0,0,0,0,0,630,5.4,693,17.325,3,714,17.84475,7,0,22.84275,10,25.127025,12,28.142268,'',NULL,NULL,NULL,NULL,NULL,NULL),(100000200037,1000002,100000200016,100000201,'2020-10-26','Jggb',0,0,0,2,1,50,152,896.992535,6,16,120,26,16,120,26,1.4,0,0,0,0,0,0,0,0,0,0,0,0,0,0,0,0,0,288,2.88,1000,26,3,1030,26.78,7,0,33.99,15,39.0885,12,43.77912,'',NULL,NULL,NULL,NULL,NULL,NULL),(100000200038,1000002,100000200016,100000201,'2020-11-13','Hhhh',350,350,312,3,1,50,20,57.086614,26.850394,12,180,24,12,180,24,1.5,12,180,24,0,0,0,0,0,0,0,0,0,0,0,0,0,0,630,5.4,623,14.952,3,642,15.40056,7,0,19.89456,10,21.884016,12,24.510098,'',NULL,NULL,NULL,NULL,NULL,NULL),(100000200039,1000002,100000200017,100000201,'2020-12-07','2 Sheet',300,300,300,3,1,50,20,49.212598,24.409449,12,120,25,12,120,25,1.5,12,120,25,0,0,0,0,0,0,0,0,0,0,0,0,0,0,420,3.6,326,8.15,3,336,8.3945,7,0,10.7465,10,11.82115,12,13.239688,'',NULL,NULL,NULL,NULL,NULL,NULL),(100000200040,1000002,100000200004,100000201,'2020-12-07','Pak',0,0,0,3,1,869,749,34.2,29.5,0,135,20,0,150,20,1.5,0,120,20,0,0,0,0,0,0,0,0,0,0,0,0,0,0,480,0,312,6.24,3,321,6.4272,7,0,8.6742,10,9.54162,12,10.686614,'',NULL,NULL,NULL,NULL,NULL,NULL),(100000200041,1000002,100000200004,100000201,'2020-12-17','Gosef',700,450,500,5,1,50,20,92.519685,38.188976,24,250,34,20,150,32,1.5,20,150,32,20,150,32,1.5,24,250,34,0,0,0,0,0,0,0,1100,18,2508,82.536,0,2508,82.536,22,0,137.712,0,137.712,12,154.23744,'',NULL,NULL,NULL,NULL,NULL,NULL),(100000200042,1000002,100000200005,100000201,'2021-01-26','Djfjh',300,305,312,3,1,50,20,49.606299,25.07874,12,200,25,12,200,25,1.5,12,200,25,0,0,0,0,0,0,0,0,0,0,0,0,0,0,700,6,563,14.075,3,580,14.49725,7,0,18.55725,50,27.835875,12,31.17618,'',NULL,NULL,NULL,NULL,NULL,NULL),(100000200043,1000002,100000200017,100000201,'2021-02-06','Bri 50-50',350,300,290,3,1,50,20,53.149606,24.015748,12,120,26,12,120,26,1.5,12,120,26,0,0,0,0,0,0,0,0,0,0,0,0,0,0,420,3.6,346,8.996,3,356,9.26588,9,0,12.46988,15,14.340362,12,16.061205,'',NULL,NULL,NULL,NULL,NULL,NULL),(100000200044,1000002,100000200004,100000201,'2021-02-14','Abc',600,440,335,1,1,50,221,83.858268,39.2,0,900,131,0,0,0,0,0,0,0,0,0,0,0,0,0,0,0,0,0,0,0,0,0,900,0,1909,250.079,0,1909,250.079,0,90,340.079,10,374.0869,12,418.977328,'',NULL,NULL,NULL,NULL,NULL,NULL),(100000200045,1000002,100000200004,100000201,'2021-02-19','Dvcf',300,300,300,3,1,50,20,49.212598,24.409449,12,180,25,12,180,25,1.5,12,180,25,0,0,0,0,0,0,0,0,0,0,0,0,0,0,630,5.4,489,12.225,3,504,12.59175,7,0,16.11975,10,17.731725,12,19.859532,'',NULL,NULL,NULL,NULL,NULL,NULL),(100000200046,1000002,100000200017,100000201,'2021-02-20','Jfff',228,254,248,3,1,50,20,39.92126,20.551181,12,140,25,12,140,25,1.5,12,140,25,0,0,0,0,0,0,0,0,0,0,0,0,0,0,490,4.2,259,6.475,3,267,6.66925,7,0,8.53825,10,9.392075,12,10.519124,'',NULL,NULL,NULL,NULL,NULL,NULL),(100000200047,1000002,100000200017,100000201,'2021-03-01','Hdh',0,0,0,3,1,1600,1219,63,48,14,160,29,14,160,29,1.5,14,160,29,0,0,0,0,0,0,0,0,0,0,0,0,0,0,560,5.6,1092,31.668,3,1125,32.61804,7,0,40.49304,10,44.542344,12,49.887425,'',NULL,NULL,NULL,NULL,NULL,NULL),(100000200048,1000002,100000200016,100000201,'2021-03-03','Chin',352,342,358,3,1,50,20,56.614173,28.346457,12,180,29.5,12,180,29.5,1.5,12,180,29.5,0,0,0,0,0,0,0,0,0,0,0,0,0,0,630,5.4,652,19.234,3,672,19.81102,7,0,24.51502,10,26.966522,12,30.202505,'',NULL,NULL,NULL,NULL,NULL,NULL),(100000200049,1000002,100000200004,100000201,'2021-03-04','',280,228,127,3,2,50,20,41.968504,28.740157,18,100,34,18,100,34,1.5,18,100,34,0,0,0,0,0,0,0,0,0,0,0,0,0,0,350,4.5,136.5,4.641,3,141,4.78023,9,0.5,6.54923,20,7.859076,12,8.802165,'',NULL,NULL,NULL,NULL,NULL,NULL),(100000200050,1000002,100000200005,100000201,'2021-03-12','Dhds',300,300,300,3,1,50,35,49.212598,25,12,120,32,12,120,32,1.5,12,120,32,0,0,0,0,0,0,0,0,0,0,0,0,0,0,420,3.6,333,10.656,3,343,10.97568,7,0,13.37668,10,14.714348,12,16.48007,'',NULL,NULL,NULL,NULL,NULL,NULL),(100000200051,1000002,100000200004,100000201,'2021-03-19','Punj',460,190,255,5,1,50,20,53.149606,18.307087,0,230,48,0,120,38,1.5,0,150,48,0,100,36,1.5,0,120,38,0,0,0,0,0,0,0,830,0,520,21.952,5,546,23.0496,10,1,29.5096,15,33.93604,12,38.008365,'',NULL,NULL,NULL,NULL,NULL,NULL),(100000200052,1000002,100000200004,100000201,'2021-04-03','Raj',914,457,457,5,1,77,0,111,36,18,150,41,16,120,38,1.5,16,100,38,16,120,38,1.5,16,100,38,0,0,0,0,0,0,0,710,7.82,1831,70.739,3,1886,72.86117,6,0,84.17717,15,96.803746,12,108.420195,'',NULL,NULL,NULL,NULL,NULL,NULL),(100000200053,1000002,100000200004,100000201,'2021-04-09','Kg',0,0,0,2,1,50,610,143.518806,24,18,180,41,18,180,41,1.5,0,0,0,0,0,0,0,0,0,0,0,0,0,0,0,0,0,450,4.86,1000,41,0,1000,41,9,0,50,10,55,15,63.25,'',NULL,NULL,NULL,NULL,NULL,NULL),(100000200054,1000002,100000200004,100000201,'2021-04-09','Kg',0,0,0,2,1,50,610,143.518806,24,18,180,41,18,180,41,1.5,0,0,0,0,0,0,0,0,0,0,0,0,0,0,0,0,0,450,4.86,1000,41,0,1000,41,9,0,50,10,55,15,63.25,'',NULL,NULL,NULL,NULL,NULL,NULL),(100000200055,1000002,100000200005,100000201,'2021-04-27','Demo',0,0,0,1,1,762,762,30,30,12,200,30,0,0,0,0,0,0,0,0,0,0,0,0,0,0,0,0,0,0,0,0,0,200,2.4,116,3.48,3,119,3.5844,7,0,4.4174,10,4.85914,12,5.442237,'',NULL,NULL,NULL,NULL,NULL,NULL),(100000200056,1000002,100000200018,100000201,'2021-04-27','Demo',0,0,0,3,1,2438,1219,96,48,18,150,28,18,300,28,1.4,18,300,28,0,0,0,0,0,0,0,0,0,0,0,0,0,0,870,10.8,2587,72.436,3,2665,74.60908,9,2,100.59408,15,115.683192,12,129.565175,'',NULL,NULL,NULL,NULL,NULL,NULL),(100000200057,1000002,100000200004,100000201,'2021-05-14','Fff',200,220,240,1,1,50,20,35.03937,18.897638,12,100,29,0,0,0,0,0,0,0,0,0,0,0,0,0,0,0,0,0,0,0,0,0,100,1.2,43,1.247,3,44,1.28441,7,0,1.59241,10,1.751651,12,1.961849,'',NULL,NULL,NULL,NULL,NULL,NULL),(100000200058,1000002,100000200004,100000201,'2021-06-14','D1',300,300,300,3,1,50,30,49.212598,24.80315,12,120,40,12,240,40,1.5,12,240,40,0,0,0,0,0,0,0,0,0,0,0,0,0,0,720,5.76,568,22.72,3,585,23.4016,7,0,27.4966,10,30.24626,12,33.875811,'',NULL,NULL,NULL,NULL,NULL,NULL),(100000200059,1000002,100000200016,100000201,'2021-07-18','Djchcj',200,200,200,3,1,50,30,33.464567,16.929134,12,150,35,12,150,35,1.5,12,150,35,0,0,0,0,0,0,0,0,0,0,0,0,0,0,525,4.5,192,6.72,3,198,6.9216,7,0,8.3076,10,9.13836,12,10.234963,'',NULL,NULL,NULL,NULL,NULL,NULL),(100000200060,1000002,100000200017,100000201,'2021-08-04','Tile',0,0,0,3,1,775,775,30.511811,30.511811,16,150,33,12,100,31.5,1.4,12,100,31.5,0,0,0,0,0,0,0,0,0,0,0,0,0,0,390,4.2,234,7.506,3,241,7.73118,5,1,9.93618,15,11.426607,12,12.7978,'',NULL,NULL,NULL,NULL,NULL,NULL),(100000200061,1000002,100000200004,100000201,'2021-08-05','Osp',320,240,270,3,2,50,30,46.062992,41.338583,16,140,31,16,120,31,1.5,16,120,31,0,0,0,0,0,0,0,0,0,0,0,0,0,0,440,5.12,270,8.37,3,278,8.6211,9,0.5,11.6231,10,12.78541,12,14.319659,'',NULL,NULL,NULL,NULL,NULL,NULL),(100000200062,1000002,100000200005,100000201,'2021-08-07','Hfh',508,508,280,5,1,50,32,81.968504,32.28,16,100,35,16,100,35,1.45,16,100,35,16,100,35,1.45,16,100,35,0,0,0,0,0,0,0,590,6.4,1009,35.315,1,1019,35.66815,8,0,43.82015,10,48.202165,12,53.986425,'',NULL,NULL,NULL,NULL,NULL,NULL),(100000200063,1000002,100000200016,100000201,'2021-08-07','Jfnj',610,610,203,5,1,50,32,98.031496,33.27,16,100,35,16,100,35,1.45,16,100,35,16,100,35,1.45,16,100,35,0,0,0,0,0,0,0,590,6.4,1240,43.4,1,1252,43.834,8,0,53.85,10,59.235,12,66.3432,'',NULL,NULL,NULL,NULL,NULL,NULL),(100000200064,1000002,100000200004,100000201,'2021-08-07','Kgj',534,534,280,5,1,50,32,86.062992,33.31,28,230,47.75,16,100,35,1.45,16,100,35,16,100,35,1.45,16,100,35,0,0,0,0,0,0,0,720,11.24,1331,52.00375,0,1331,52.00375,7,0,61.32075,10,67.452825,12,75.547164,'',NULL,NULL,NULL,NULL,NULL,NULL),(100000200065,1000002,100000200004,100000201,'2021-08-14','Kuthj',0,0,0,3,1,800,813,31.49,32,14,120,30,14,120,30,1.5,14,120,30,0,0,0,0,0,0,0,0,0,0,0,0,0,0,420,4.2,273,8.19,3,281,8.4357,10,0,11.2457,15,12.932555,12,14.484462,'',NULL,NULL,NULL,NULL,NULL,NULL),(100000200066,1000002,100000200004,100000201,'2021-08-14','Loghj',762,559,356,5,1,81,-1,107.2,36,18,180,36,16,120,35,1.5,16,120,35,16,120,35,1.5,16,120,35,0,0,0,0,0,0,0,780,9,1942,68.418,5,2039,71.8389,8,0,88.1509,10,96.96599,12,108.601909,'',NULL,NULL,NULL,NULL,NULL,NULL),(100000200067,1000002,100000200004,100000201,'2021-08-14','Gjkk',0,0,0,1,7,762,1016,30,40,0,300,60,0,0,0,0,0,0,0,0,0,0,0,0,0,0,0,0,0,0,0,0,0,300,0,33.142857,1.988571,3,34,2.048229,9,0,2.354229,15,2.707363,12,3.032246,'',NULL,NULL,NULL,NULL,NULL,NULL),(100000200068,1000002,100000200004,100000201,'2021-08-15','Temp 5',300,300,300,5,1,50,30,49.212598,24.80315,16,120,32,16,120,32,1.5,16,120,32,16,120,32,1.5,16,120,32,0,0,0,0,0,0,0,720,7.68,569,18.208,5,597,19.1184,9,0,24.4914,15,28.16511,12,31.544923,'',NULL,NULL,NULL,NULL,NULL,NULL),(100000200069,1000002,100000200005,100000201,'2021-08-17','Temp 5 In 3',300,300,300,3,1,50,30,49.212598,24.80315,16,120,32,16,240,32,1.5,16,240,32,0,0,0,0,0,0,0,0,0,0,0,0,0,0,720,7.68,568,18.176,5,596,19.0848,9,0,24.4488,15,28.11612,12,31.490054,'',NULL,NULL,NULL,NULL,NULL,NULL),(100000200070,1000002,100000200005,100000201,'2021-08-22','Kfjj',355,355,355,3,1,28,27,57,29,18,120,35,18,120,35,1.5,18,120,35,0,0,0,0,0,0,0,0,0,0,0,0,0,0,420,5.4,448,15.68,3,461,16.1504,25,0,27.6754,0,27.6754,12,30.996448,'',NULL,NULL,NULL,NULL,NULL,NULL),(100000200071,1000002,100000200005,100000201,'2021-08-30','Jfikggg',330,305,305,3,1,50,50,51.968504,26,18,235,48,18,150,41,1.6,18,150,41,0,0,0,0,0,0,0,0,0,0,0,0,0,0,625,8.28,545,23.78,3,561,24.4934,9,0,29.5424,15,33.97376,12,38.050611,'',NULL,NULL,NULL,NULL,NULL,NULL),(100000200072,1000002,100000200024,100000201,'2021-09-23','1 Ltr',385,310,285,3,1,50,30,56.692913,24.606299,16,110,40,16,110,40,1.5,16,110,40,0,0,0,0,0,0,0,0,0,0,0,0,0,0,385,4.4,347,13.88,3,357,14.2964,7,0,16.7954,10,18.47494,12,20.691933,'',NULL,NULL,NULL,NULL,NULL,NULL),(100000200073,1000002,100000200004,100000201,'2021-11-28','Hhhh',0,0,0,2,1,50,1143,75.702227,45,0,230,55,18,150,38,1.5,0,0,0,0,0,0,0,0,0,0,0,0,0,0,0,0,0,455,1.35,1000,46.585,0,1000,46.585,10,0,56.585,15,65.07275,18,76.785845,'',NULL,NULL,NULL,NULL,NULL,NULL),(100000200074,1000002,100000200004,100000201,'2021-12-24','Aba',300,300,300,3,1,50,30,49.212598,24.80315,0,230,50,18,100,36,1.5,18,100,36,0,0,0,0,0,0,0,0,0,0,0,0,0,0,480,2.7,378,16.142,3,389,16.62626,7,0,19.34926,10,21.284186,18,25.115339,'',NULL,NULL,NULL,NULL,NULL,NULL),(100000200076,1000002,100000200004,100000201,'2022-02-24','Dgjkd',482,330,416,5,1,50,30,65.905512,30.551181,18,140,41,16,100,41,1.5,16,100,41,16,100,41,1.5,16,100,41,0,0,0,0,0,0,0,640,7.32,832,34.112,5,874,35.8176,10,0,44.5576,15,51.24124,18,60.464663,'',NULL,NULL,NULL,NULL,NULL,NULL),(100000200079,1000002,100000200021,100000201,'2022-06-16','abc',500,50,100,3,1,25,30,44.291339,7.086614,10,5,10,10,5,10,1.5,10,5,10,0,0,0,0,0,0,0,0,0,0,0,0,0,0,17.5,0.125,4,0.04,3,4,0.0412,7,0,0.0692,10,0.07612,18,0.089822,'',NULL,NULL,NULL,NULL,NULL,NULL),(100000200080,1000002,100000200021,100000201,'2022-06-16','Ad',500,100,50,1,1,50,30,43744.531934,7.086614,10,5,500000,0,0,0,0,0,0,0,0,0,0,0,0,0,0,0,0,0,0,0,0,0,5,0.05,1000,500000,3,1030,515000,7,0,515007.21,10,566507.931,18,668479.35858,'',NULL,NULL,NULL,NULL,NULL,NULL),(100000200081,1000002,100000200017,100000201,'2022-08-09','Uuu',200,200,200,3,1,50,30,33.464567,16.929134,12,200,42,12,200,42,1.5,12,200,42,0,0,0,0,0,0,0,0,0,0,0,0,0,0,700,6,256,10.752,3,264,11.07456,7,0,12.92256,10,14.214816,18,16.773483,'',NULL,NULL,NULL,NULL,NULL,NULL),(100000200082,1000002,100000200005,100000201,'2022-08-09','Uuuu',300,300,300,3,1,50,30,49.212598,24.80315,12,100,33,12,100,33,1.5,12,100,33,0,0,0,0,0,0,0,0,0,0,0,0,0,0,350,3,276,9.108,3,284,9.38124,7,0,11.36924,10,12.506164,18,14.757274,'',NULL,NULL,NULL,NULL,NULL,NULL),(100000200083,1000002,100000200016,100000201,'2022-08-09','Dhghf',200,200,200,3,1,50,30,33.464567,16.929134,12,120,35,12,120,35,1.5,12,120,35,0,0,0,0,0,0,0,0,0,0,0,0,0,0,420,3.6,154,5.39,0,154,5.39,7,0,6.468,10,7.1148,18,8.395464,'',NULL,NULL,NULL,NULL,NULL,NULL),(100000200084,1000002,100000200005,100000201,'2022-08-09','Q ',200,200,200,3,1,50,30,33.464567,16.929134,20,150,35,20,150,35,1.5,20,150,35,0,0,0,0,0,0,0,0,0,0,0,0,0,0,525,7.5,192,6.72,3,198,6.9216,7,0,8.3076,10,9.13836,18,10.783265,'',NULL,NULL,NULL,NULL,NULL,NULL),(100000200085,1000002,100000200004,100000201,'2022-09-21','Aaaa',661,458,623,5,1,50,30,90.07874,43.740157,0,100,49,0,100,49,1.5,0,100,49,0,100,49,1.5,0,100,49,0,0,0,0,0,0,0,600,0,1524,74.676,3,1570,76.91628,11,0,94.18628,15,108.314222,18,127.810782,'',NULL,NULL,NULL,NULL,NULL,NULL),(100000200086,1000002,100000200004,100000201,'2022-12-09','Lgjf',1200,435,390,5,1,50,20,130.708661,33.267717,16,150,38.5,16,140,37.5,1.5,16,150,38.5,16,140,37.5,1.5,16,150,38.5,0,0,0,0,0,0,0,870,9.44,2441,92.8005,3,2514,95.584515,9,0,118.210515,10,130.031566,18,153.437248,'',NULL,NULL,NULL,NULL,NULL,NULL),(100000200087,1000002,100000200005,100000201,'2023-02-07','Kailsa',330,245,270,3,1,50,20,47.244094,21.062992,16,120,28,16,120,28,1.5,16,120,28,0,0,0,0,0,0,0,0,0,0,0,0,0,0,420,4.8,270,7.56,3,278,7.7868,9,0,10.2888,15,11.83212,18,13.961902,'',NULL,NULL,NULL,NULL,NULL,NULL),(100000200088,1000002,100000200004,100000201,'2023-06-15','Jhjfkkk',250,250,250,3,1,50,20,41.338583,20.472441,14,150,30,14,150,30,1.5,14,150,30,0,0,0,0,0,0,0,0,0,0,0,0,0,0,525,5.25,287,8.61,3,296,8.8683,9,0,11.5323,10,12.68553,18,14.968925,'',NULL,NULL,NULL,NULL,NULL,NULL),(100000200089,1000002,100000200004,100000201,'2023-07-10','Fug',400,228,165,5,1,50,20,51.417323,16.259843,18,150,30,18,150,30,1.5,18,150,30,18,150,30,1.5,18,150,30,0,0,0,0,0,0,0,900,10.8,485,14.55,3,500,14.9865,9,0,19.4865,10,21.43515,18,25.293477,'',NULL,NULL,NULL,NULL,NULL,NULL),(100000200090,1000002,100000200005,100000201,'2023-07-13','Kfjjjjj',300,300,300,3,1,50,20,49.212598,24.409449,12,140,30,12,140,30,1.5,12,140,30,0,0,0,0,0,0,0,0,0,0,0,0,0,0,490,4.2,381,11.43,3,392,11.7729,9,0,15.3009,10,16.83099,18,19.860568,'',NULL,NULL,NULL,NULL,NULL,NULL),(100000200091,1000002,100000200004,100000201,'2023-07-18','Box Abc',300,300,300,3,1,50,20,49.212598,24.409449,16,120,30,14,100,28,1.4,16,120,30,0,0,0,0,0,0,0,0,0,0,0,0,0,0,380,4.54,294,8.604,5,309,9.0342,10,2,14.1242,15,16.24283,18,19.166539,'',NULL,NULL,NULL,NULL,NULL,NULL),(100000200092,1000002,100000200026,100000201,'2023-08-17','Mithai',300,250,200,3,1,50,20,45.275591,18.503937,16,150,30,14,160,31,1.5,18,180,33,0,0,0,0,0,0,0,0,0,0,0,0,0,0,570,6.76,308,9.661,2,314,9.85422,10,1,13.99422,10,15.393642,18,18.164498,'',NULL,NULL,NULL,NULL,NULL,NULL),(100000200093,1000002,100000200026,100000201,'2023-08-17','Mithai 20',300,250,200,3,1,50,20,45.275591,18.503937,16,150,32,16,150,30,1.5,16,150,32,0,0,0,0,0,0,0,0,0,0,0,0,0,0,525,6,284,8.844,3,293,9.10932,9,0,11.74632,10,12.920952,18,15.246723,'',NULL,NULL,NULL,NULL,NULL,NULL),(100000200094,1000002,100000200017,100000201,'2023-09-29','Fug',0,0,0,3,1,762,635,30,25,12,140,32,12,140,32,1.5,12,140,32,0,0,0,0,0,0,0,0,0,0,0,0,0,0,490,4.2,238,7.616,3,245,7.84448,9,0,10.04948,10,11.054428,18,13.044225,'',NULL,NULL,NULL,NULL,NULL,NULL),(100000200095,1000002,100000200017,100000201,'2023-09-29','Fug1',0,0,0,3,1,762,635,30,25,12,140,32,12,140,32,1.5,12,140,32,0,0,0,0,0,0,0,0,0,0,0,0,0,0,490,4.2,238,7.616,3,245,7.84448,9,0,10.04948,10,11.054428,18,13.044225,'',NULL,NULL,NULL,NULL,NULL,NULL),(100000200096,1000002,100000200004,100000201,'2023-09-30','Yyyy',400,385,295,5,1,30,20,62.992126,27.559055,18,150,29.6,18,110,28.6,1.5,18,110,28.6,18,110,28.6,1.5,18,110,28.6,0,0,0,0,0,0,0,700,8.64,784,22.5904,3,808,23.268112,9,0,30.540112,10,33.594123,18,39.641065,'',NULL,NULL,NULL,NULL,NULL,NULL),(100000200097,1000002,100000200004,100000201,'2023-09-30','Uukkpp',300,250,250,5,1,30,20,44.488189,20.472441,18,140,31,18,120,30,1.5,18,120,30,18,120,30,1.5,18,120,30,0,0,0,0,0,0,0,740,9,436,13.162,3,449,13.55686,9,0,17.59786,10,19.357646,18,22.842022,'',NULL,NULL,NULL,NULL,NULL,NULL),(100000200098,1000002,100000200016,100000201,'2023-10-05','Jcncnn',300,300,300,3,1,30,20,48.425197,24.409449,12,150,29,12,150,29,1.5,12,150,29,0,0,0,0,0,0,0,0,0,0,0,0,0,0,525,4.5,400,11.6,3,412,11.948,9,0,15.656,10,17.2216,18,20.321488,'',NULL,NULL,NULL,NULL,NULL,NULL),(100000200099,1000002,100000200004,100000201,'2023-10-12','Kghdbkg',250,250,250,3,1,30,20,40.551181,20.472441,24,250,50,18,140,30,1.5,18,140,30,0,0,0,0,0,0,0,0,0,0,0,0,0,0,600,9.78,321,12.31,5,337,12.9255,10,0,16.2955,15,18.739825,18,22.112993,'',NULL,NULL,NULL,NULL,NULL,NULL),(100000200100,1000002,100000200004,100000201,'2023-10-14','Demo Box',300,250,250,3,1,30,20,44.488189,20.472441,14,200,40,12,120,30,1.5,14,150,31,0,0,0,0,0,0,0,0,0,0,0,0,0,0,530,5.62,312,10.628,3,321,10.94684,9,0,13.83584,10,15.219424,18,17.95892,'',NULL,NULL,NULL,NULL,NULL,NULL),(100000900001,1000009,100000900001,100000901,'2020-10-03','Rubu',591,389,464,5,1,50,20,79.133858,34.370079,16,140,24,16,140,22,1.4,16,140,22,16,140,22,1.4,16,140,22,0,0,0,0,0,0,0,812,8.96,1426,31.864,3,1469,32.81992,6,0,41.63392,17,48.711686,12,54.557089,'',NULL,NULL,NULL,NULL,NULL,NULL),(100000900002,1000009,100000900002,100000901,'2020-10-10','Sweet Top',0,0,0,5,1,1651,1092,65,43,16,100,22,16,100,22,1.4,16,100,22,16,100,22,1.4,16,100,22,0,0,0,0,0,0,0,580,6.4,1044,22.968,3,1075,23.65704,7,0,31.18204,40,43.654856,12,48.893439,'',NULL,NULL,NULL,NULL,NULL,NULL),(100000900003,1000009,100000900002,100000901,'2020-10-10',' Makhan Box ',440,240,175,3,1,62,30,56,17.5,12,180,36,16,120,23,1.4,16,120,23,0,0,0,0,0,0,0,0,0,0,0,0,0,0,468,5.04,296,8.29,3,305,8.5387,6,2,12.3687,30,16.07931,12,18.008827,'',NULL,NULL,NULL,NULL,NULL,NULL),(100000900004,1000009,100000900001,100000901,'2020-10-12','Sweet Box',0,0,0,1,1,191,203,7.5,8,12,320,33,0,0,0,0,0,0,0,0,0,0,0,0,0,0,0,0,0,0,0,0,0,320,3.84,12,0.396,3,12,0.40788,6,1,1.47988,50,2.21982,12,2.486198,'',NULL,NULL,NULL,NULL,NULL,NULL),(100000900005,1000009,100000900001,100000901,'2020-10-12','Gwga',0,0,0,5,1,559,368,22,14.5,16,180,36,16,120,22,1.4,16,120,22,16,120,22,1.4,16,120,22,0,0,0,0,0,0,0,756,8.64,157,3.972,3,162,4.09116,6,1,6.06316,50,9.09474,12,10.186109,'',NULL,NULL,NULL,NULL,NULL,NULL),(100000900006,1000009,100000900001,100000901,'2020-10-14','Ffg',0,0,0,3,1,445,1524,17.5,60,12,180,36,16,100,22,1.5,16,100,22,0,0,0,0,0,0,0,0,0,0,0,0,0,0,430,4.56,292,8.132,3,301,8.37596,6,1.5,11.68196,25,14.60245,12,16.354744,'',NULL,NULL,NULL,NULL,NULL,NULL),(100000900007,1000009,100000900001,100000901,'2020-11-05','Bss',0,0,0,3,1,1016,660,40,26,16,120,24,16,120,24,1.4,16,120,24,0,0,0,0,0,0,0,0,0,0,0,0,0,0,408,4.8,275,6.6,3,283,6.798,6,0,8.496,35,11.4696,12,12.845952,'',NULL,NULL,NULL,NULL,NULL,NULL),(100000900008,1000009,100000900003,100000901,'2020-11-10','Makhan Box ',440,240,175,3,1,62,30,56,17.5,12,180,36,16,120,23,1.4,16,120,23,0,0,0,0,0,0,0,0,0,0,0,0,0,0,468,5.04,296,8.29,3,305,8.5387,6,1.8,12.1687,33,16.184371,12,18.126496,'',NULL,NULL,NULL,NULL,NULL,NULL),(100000900009,1000009,100000900003,100000901,'2020-11-10','Tost Box ',0,0,0,5,1,50,20,104,47.992126,16,120,25,16,100,25,1.4,16,120,25,16,100,25,1.4,16,120,25,0,0,0,0,0,0,0,640,7.36,2060,51.5,3,2122,53.045,6,0.2,65.977,25,82.47125,12,92.3678,'',NULL,NULL,NULL,NULL,NULL,NULL),(100000900010,1000009,100000900003,100000901,'2020-11-28','Ajj',736,584,1041,3,1,50,-304,105.905512,52,16,120,25,16,120,25,1.4,16,120,25,0,0,0,0,0,0,0,0,0,0,0,0,0,0,408,4.8,1449,36.225,3,1492,37.31175,6,1,47.26375,50,70.895625,12,79.4031,'',NULL,NULL,NULL,NULL,NULL,NULL),(100000900011,1000009,100000900003,100000901,'2020-12-04','Fc',0,0,0,3,1,1397,432,55,17,12,180,37,12,100,26,1.4,12,100,26,0,0,0,0,0,0,0,0,0,0,0,0,0,0,420,3.96,253,7.777,3,261,8.01031,9,0,10.35931,15,11.913207,12,13.342791,'',NULL,NULL,NULL,NULL,NULL,NULL),(100000900012,1000009,100000900001,100000901,'2020-12-06','Fgagag',0,0,0,5,1,50,20,80,43,22,150,32,22,150,32,1.4,22,150,32,22,150,32,1.4,22,150,32,0,0,0,0,0,0,0,870,13.2,1931,61.792,3,1989,63.64576,6,0.5,76.07976,20,91.295712,12,102.251197,'',NULL,NULL,NULL,NULL,NULL,NULL),(100000900013,1000009,100000900001,100000901,'2021-01-04','D',0,0,0,5,1,2642,1219,104,48,18,140,31,18,140,31,1.3,18,100,31,18,140,31,1.3,18,100,31,0,0,0,0,0,0,0,704,8.64,2267,70.277,3,2335,72.38531,6,0,86.39531,15,99.354607,12,111.277159,'',NULL,NULL,NULL,NULL,NULL,NULL),(100000900014,1000009,100000900001,100000901,'2021-01-04','Dc',0,0,0,5,1,50,20,104,48,18,110,31,18,130,31,1.35,18,110,31,18,130,31,1.35,18,110,31,0,0,0,0,0,0,0,681,8.28,2192,67.952,3,2258,69.99056,6,0.5,84.03856,15,96.644344,12,108.241665,'',NULL,NULL,NULL,NULL,NULL,NULL),(100000900015,1000009,100000900003,100000901,'2021-01-08','Vvvvv',695,350,535,5,1,50,20,84.251969,35.629921,20,140,33,20,140,33,1.4,18,100,33,20,140,33,1.4,18,100,33,0,0,0,0,0,0,0,732,9.2,1419,46.827,0,1419,46.827,6,0,55.341,15,63.64215,12,71.279208,'',NULL,NULL,NULL,NULL,NULL,NULL),(100000900016,1000009,100000900003,100000901,'2021-05-07','Xc',0,0,0,5,1,50,20,65,19.5,25,180,69,25,160,69,1.4,25,150,45,25,160,69,1.4,25,180,69,0,0,0,0,0,0,0,958,16.75,783,51.075,3,806,52.60725,6,1,58.44325,16,67.79417,12,75.92947,'',NULL,NULL,NULL,NULL,NULL,NULL),(100000900017,1000009,100000900001,100000901,'2021-05-09','Vsbbs',0,0,0,5,1,1651,495,65,19.5,28,200,42,24,180,37,1.4,24,180,37,24,180,37,1.4,28,200,42,0,0,0,0,0,0,0,1084,19.84,887,34.459,3,914,35.49277,6,1,41.97677,15,48.273285,12,54.06608,'',NULL,NULL,NULL,NULL,NULL,NULL),(100000900018,1000009,100000900001,100000901,'2021-05-10','Fg',0,0,0,5,1,1651,660,65,26,35,150,68,35,150,68,1.4,35,150,45,35,150,68,1.4,35,150,68,0,0,0,0,0,0,0,870,21,950,60.828,3,979,62.65284,6,1,69.52684,15,79.955866,12,89.55057,'',NULL,NULL,NULL,NULL,NULL,NULL),(100000900019,1000009,100000900001,100000901,'2021-05-10','Gg',0,0,0,5,1,1651,495,65,19.5,28,200,60,28,160,66.5,1.4,28,150,45,28,160,66.5,1.4,28,200,60,0,0,0,0,0,0,0,998,19.88,817,49.554,3,842,51.04062,6,1,57.09262,15,65.656513,12,73.535295,'',NULL,NULL,NULL,NULL,NULL,NULL),(100000900020,1000009,100000900001,100000901,'2021-05-10','Bbn',0,0,0,5,1,50,20,65,19.5,28,220,44,24,180,40,1.4,24,180,40,24,180,40,1.4,28,220,44,0,0,0,0,0,0,0,1124,20.96,919,38.2,3,947,39.346,6,0.5,45.528,15,52.3572,12,58.640064,'',NULL,NULL,NULL,NULL,NULL,NULL),(100000900021,1000009,100000900001,100000901,'2021-05-19','B B Koratkar',580,390,675,5,1,50,20,78.346457,42.716535,22,140,40,22,130,37,1.35,22,130,37,22,130,37,1.35,22,130,37,0,0,0,0,0,0,0,751,11.66,1622,60.92,3,1671,62.7476,6,1,73.7736,22,90.003792,12,100.804247,'',NULL,NULL,NULL,NULL,NULL,NULL),(100000900022,1000009,100000900001,100000901,'2021-06-01','Vv',0,0,0,3,1,2032,1016,80,40,18,230,34,18,120,34,1.4,18,120,34,0,0,0,0,0,0,0,0,0,0,0,0,0,0,518,7.38,1070,36.38,3,1102,37.4714,6,50,94.0834,15,108.19591,12,121.179419,'',NULL,NULL,NULL,NULL,NULL,NULL),(100000900023,1000009,100000900001,100000901,'2021-07-19','Bzb ',0,0,0,5,1,572,572,22.5,22.5,14,180,52,14,80,31,1.25,14,80,31,14,80,31,1.25,14,80,31,0,0,0,0,0,0,0,540,5.88,177,6.726,3,182,6.92778,6,0.5,8.51978,30,11.075714,12,12.4048,'',NULL,NULL,NULL,NULL,NULL,NULL),(100000900024,1000009,100000900001,100000901,'2021-10-01','Hshs',0,0,0,3,1,406,686,16,27,12,220,47,12,100,34,1.25,12,100,34,0,0,0,0,0,0,0,0,0,0,0,0,0,0,445,4.44,124,5.009,3,128,5.15927,6,0.5,6.42727,100,12.85454,12,14.397085,'',NULL,NULL,NULL,NULL,NULL,NULL),(100000900025,1000009,100000900001,100000901,'2021-10-01','Ffwq',0,0,0,3,1,406,711,16,28,12,220,47,12,120,33,1.25,12,128,33,0,0,0,0,0,0,0,0,0,0,0,0,0,0,498,4.896,144,5.648,3,148,5.81744,6,0.5,7.20544,100,14.41088,12,16.140186,'',NULL,NULL,NULL,NULL,NULL,NULL),(100000900026,1000009,100000900001,100000901,'2021-10-01','Ffwqh',0,0,0,3,1,406,711,16,28,12,220,47,12,120,33,1.25,12,120,33,0,0,0,0,0,0,0,0,0,0,0,0,0,0,490,4.8,142,5.582,3,146,5.74946,6,0.5,7.12546,100,14.25092,12,15.96103,'',NULL,NULL,NULL,NULL,NULL,NULL),(100000900027,1000009,100000900003,100000901,'2021-10-04','Bg',0,0,0,3,1,368,610,14.5,24,12,200,47,12,140,33,1.25,12,140,33,0,0,0,0,0,0,0,0,0,0,0,0,0,0,515,4.92,115,4.425,3,118,4.55775,6,1.5,6.76575,100,13.5315,12,15.15528,'',NULL,NULL,NULL,NULL,NULL,NULL),(100000900028,1000009,100000900001,100000901,'2022-06-17','Robin ',0,0,0,3,1,610,813,24.015748,32.007874,16,180,31,16,180,31,1.5,16,180,31,0,0,0,0,0,0,0,0,0,0,0,0,0,0,630,7.2,312,9.672,3,321,9.96216,6,0,11.88816,100,23.77632,18,28.056058,'',NULL,NULL,NULL,NULL,NULL,NULL),(100001000001,1000010,100001000001,100001001,'2021-05-18','Name',520,395,225,5,2,50,20,14.015748,19.92126,18,140,38,16,100,36.5,1.5,18,140,38,16,100,36.5,1.5,18,140,38,0,0,0,0,0,0,0,720,9.16,64.5,2.4105,30,84,3.13365,15,0,4.39365,15,5.052697,12,5.659021,'',NULL,NULL,NULL,NULL,NULL,NULL),(100001200001,1000012,100001200001,100001201,'2020-08-22','Namkeen',585,482,458,3,1,50,20,85.984252,37.795276,14,100,19,14,100,19,1.5,14,100,19,0,0,0,0,0,0,0,0,0,0,0,0,0,0,350,3.5,734,13.946,3,756,14.36438,9,0,21.16838,15,24.343637,12,27.264873,'',NULL,NULL,NULL,NULL,NULL,NULL),(100001300001,1000013,100001300001,100001301,'2020-08-22','1 Littar X15Botel',400,250,250,3,1,50,20,53.149606,20.472441,16,150,24,16,120,23,1.4,16,120,23,0,0,0,0,0,0,0,0,0,0,0,0,0,0,438,5.28,307,7.166,3,316,7.38098,9,0,10.22498,15,11.758727,12,13.169774,'',NULL,NULL,NULL,NULL,NULL,NULL),(100001300002,1000013,100001300002,100001301,'2020-08-22','Cerlina',485,435,250,5,1,50,20,74.409449,27.755906,16,230,35,16,120,23,1.5,16,120,23,16,120,23,1.5,16,120,23,0,0,0,0,0,0,0,830,9.44,1106,29.11,3,1139,29.9833,9,0,40.2343,15,46.269445,12,51.821778,'',NULL,NULL,NULL,NULL,NULL,NULL),(100001300003,1000013,100001300004,100001301,'2020-08-22','1',360,310,335,5,1,50,20,54.724409,26.181102,16,150,24,16,120,23,1.5,16,120,23,16,120,23,1.5,16,120,23,0,0,0,0,0,0,0,750,8.16,693,16.078,3,714,16.56034,9,0,22.98634,15,26.434291,12,29.606406,'',NULL,NULL,NULL,NULL,NULL,NULL),(100001300004,1000013,100001300005,100001301,'2020-08-22','2',170,170,120,5,1,50,20,28.740157,12.204724,16,180,24,16,120,23,1.5,16,120,23,16,120,23,1.5,16,120,23,0,0,0,0,0,0,0,780,8.64,177,4.112,5,186,4.3176,9,0,5.9916,30,7.78908,12,8.72377,'',NULL,NULL,NULL,NULL,NULL,NULL),(100001300005,1000013,100001300006,100001301,'2020-08-22','1',445,260,240,3,1,50,20,57.480315,20.472441,16,150,24,16,120,23,1.5,16,120,23,0,0,0,0,0,0,0,0,0,0,0,0,0,0,450,5.28,342,7.98,3,352,8.2194,9,0,11.3874,15,13.09551,12,14.666971,'',NULL,NULL,NULL,NULL,NULL,NULL),(100001300006,1000013,100001300007,100001301,'2020-08-22','1',600,400,400,5,1,50,20,80.708661,32.283465,16,150,24,16,120,23,1.5,16,120,23,16,120,23,1.5,16,120,23,0,0,0,0,0,0,0,750,8.16,1262,29.278,3,1300,30.15634,9,0,41.85634,15,48.134791,12,53.910966,'',NULL,NULL,NULL,NULL,NULL,NULL),(100001300007,1000013,100001300008,100001301,'2020-08-22','1',540,450,590,3,1,50,20,79.92126,41.732283,16,150,24,16,150,23,1.5,16,150,23,0,0,0,0,0,0,0,0,0,0,0,0,0,0,525,6,1130,26.313,3,1164,27.10239,9,0,37.57839,15,43.215149,12,48.400966,'',NULL,NULL,NULL,NULL,NULL,NULL),(100001300008,1000013,100001300009,100001301,'2020-08-22','1',525,400,400,5,1,50,20,74.80315,32.283465,16,150,24,16,120,23,1.5,16,120,23,16,120,23,1.5,16,120,23,0,0,0,0,0,0,0,750,8.16,1168,27.098,3,1203,27.91094,9,0,38.73794,15,44.548631,12,49.894467,'',NULL,NULL,NULL,NULL,NULL,NULL),(100001300009,1000013,100001300010,100001301,'2020-08-22','1',650,400,460,7,1,50,20,84.645669,34.645669,16,180,24,16,120,23,1.5,16,120,23,16,120,23,1.5,16,120,23,16,120,23,1.5,16,120,23,1080,11.52,2045,47.376,3,2106,48.79728,9,0,67.75128,15,77.913972,12,87.263649,'',NULL,NULL,NULL,NULL,NULL,NULL),(100001300010,1000013,100001300011,100001301,'2020-08-22','1',550,350,180,3,1,50,20,72.834646,21.653543,16,150,24,16,120,23,1.5,16,120,23,0,0,0,0,0,0,0,0,0,0,0,0,0,0,450,5.28,458,10.687,3,472,11.00761,9,0,15.25561,15,17.543952,12,19.649226,'',NULL,NULL,NULL,NULL,NULL,NULL),(100001300011,1000013,100001300003,100001301,'2020-08-22','2',1060,250,1060,5,1,50,20,105.11811,52.362205,16,120,23,16,120,23,1.5,16,120,23,16,120,23,1.5,16,120,23,0,0,0,0,0,0,0,720,7.68,2556,58.788,3,2633,60.55164,9,0,84.24864,15,96.885936,12,108.512248,'',NULL,NULL,NULL,NULL,NULL,NULL),(100001300012,1000013,100001300012,100001301,'2020-08-22','1 Plain',520,370,510,5,1,50,20,72.047244,35.433071,16,150,24,16,120,23,1.5,16,120,23,16,120,23,1.5,16,120,23,0,0,0,0,0,0,0,750,8.16,1235,28.652,3,1272,29.51156,9,0,40.95956,15,47.103494,12,52.755913,'',NULL,NULL,NULL,NULL,NULL,NULL),(100001300013,1000013,100001300013,100001301,'2020-08-22','2',360,255,280,3,1,50,20,50.393701,21.850394,16,150,24,16,120,23,1.5,16,120,23,0,0,0,0,0,0,0,0,0,0,0,0,0,0,450,5.28,320,7.467,3,330,7.69101,9,0,10.66101,15,12.260162,12,13.731381,'',NULL,NULL,NULL,NULL,NULL,NULL),(100001300014,1000013,100001300014,100001301,'2020-08-22','1',490,375,700,5,1,50,20,70.07874,43.110236,16,180,24,16,180,23,1.5,16,180,23,16,180,23,1.5,16,180,23,0,0,0,0,0,0,0,1080,11.52,2105,48.766,3,2168,50.22898,9,0,69.74098,15,80.202127,12,89.826382,'',NULL,NULL,NULL,NULL,NULL,NULL),(100001300015,1000013,100001300014,100001301,'2020-08-22','Zeeper',490,375,700,5,1,50,20,70.07874,43.110236,16,180,24,16,180,24,1.5,16,180,24,16,180,24,1.5,16,180,24,0,0,0,0,0,0,0,1080,11.52,2105,50.52,3,2168,52.0356,9,0,71.5476,15,82.27974,12,92.153309,'',NULL,NULL,NULL,NULL,NULL,NULL),(100001300016,1000013,100001300003,100001301,'2020-08-22','Cap Box',1060,250,1060,5,1,50,20,105.11811,52.362205,16,120,24,16,120,24,1.5,16,120,24,16,120,24,1.5,16,120,24,0,0,0,0,0,0,0,720,7.68,2556,61.344,3,2633,63.18432,9,0,86.88132,15,99.913518,12,111.90314,'',NULL,NULL,NULL,NULL,NULL,NULL),(100001300017,1000013,100001300015,100001301,'2020-08-22','1',370,340,390,3,1,50,20,57.874016,29.527559,16,150,24,16,120,23,1.5,16,120,23,0,0,0,0,0,0,0,0,0,0,0,0,0,0,450,5.28,495,11.55,3,510,11.8965,9,0,16.4865,15,18.959475,12,21.234612,'',NULL,NULL,NULL,NULL,NULL,NULL),(100001300018,1000013,100001300017,100001301,'2020-08-22','1',305,305,410,5,1,50,20,50,28.937008,16,150,24,16,120,24,1.5,16,120,24,16,120,24,1.5,16,120,24,0,0,0,0,0,0,0,750,8.16,700,16.8,3,721,17.304,13.9,0,27.3259,15,31.424785,12,35.195759,'',NULL,NULL,NULL,NULL,NULL,NULL),(100001300020,1000013,100001300030,100001301,'2020-08-23','1kgX20block',305,305,150,5,1,50,20,50,18.700787,16,150,24,16,120,24,1.5,16,120,24,16,120,24,1.5,16,150,24,0,0,0,0,0,0,0,780,8.64,470,11.28,5,494,11.844,9,0,16.29,15,18.7335,12,20.98152,'',NULL,NULL,NULL,NULL,NULL,NULL),(100001300021,1000013,100001300021,100001301,'2020-08-23','0.5 SQ MM',350,350,355,5,1,50,20,57.086614,28.543307,16,150,24,16,120,24,1.5,16,120,24,16,120,24,1.5,16,120,24,0,0,0,0,0,0,0,750,8.16,788,18.912,5,827,19.8576,9,0,27.3006,15,31.39569,12,35.163173,'',NULL,NULL,NULL,NULL,NULL,NULL),(100001300022,1000013,100001300020,100001301,'2020-08-23','1',785,605,510,5,1,50,20,111.417323,44.685039,16,120,24,16,120,24,1.5,16,120,24,16,120,24,1.5,16,120,24,0,0,0,0,0,0,0,720,7.68,2311,55.464,5,2427,58.2372,9,0,80.0802,15,92.09223,12,103.143298,'',NULL,NULL,NULL,NULL,NULL,NULL),(100001300023,1000013,100001300020,100001301,'2020-08-23','2',710,250,810,3,1,50,20,77.559055,42.519685,16,150,24,16,120,24,1.5,16,120,24,0,0,0,0,0,0,0,0,0,0,0,0,0,0,450,5.28,957,22.968,5,1005,24.1164,9,0,33.1614,15,38.13561,12,42.711883,'',NULL,NULL,NULL,NULL,NULL,NULL),(100001300025,1000013,100001300021,100001301,'2020-08-23','0.75',350,350,360,5,1,50,20,57.086614,28.740157,16,150,24,16,120,24,1.5,16,120,24,16,120,24,1.5,16,120,24,0,0,0,0,0,0,0,750,8.16,795,19.08,5,835,20.034,9,0,27.549,15,31.68135,12,35.483112,'',NULL,NULL,NULL,NULL,NULL,NULL),(100001300026,1000013,100001300016,100001301,'2020-08-23','24 Bottels',320,210,182,3,1,50,20,43.700787,16.220472,16,120,24,16,120,24,1.5,16,120,24,0,0,0,0,0,0,0,0,0,0,0,0,0,0,420,4.8,192,4.608,5,202,4.8384,9,0,6.6564,15,7.65486,12,8.573443,'',NULL,NULL,NULL,NULL,NULL,NULL),(100001300027,1000013,100001300016,100001301,'2020-08-23','24  250 MlLBottels',320,210,182,3,1,50,20,43.700787,16.220472,16,100,24,16,100,24,1.5,16,100,24,0,0,0,0,0,0,0,0,0,0,0,0,0,0,350,4,161,3.864,5,169,4.0572,9,0,5.5782,15,6.41493,12,7.184722,'',NULL,NULL,NULL,NULL,NULL,NULL),(100001300028,1000013,100001300025,100001301,'2020-08-23','1',200,120,100,5,1,50,20,27.165354,9.448819,16,150,24,16,120,24,1.5,16,120,24,16,120,24,1.5,16,120,24,0,0,0,0,0,0,0,750,8.16,125,3,5,131,3.15,9,0,4.329,15,4.97835,12,5.575752,'',NULL,NULL,NULL,NULL,NULL,NULL),(100001300029,1000013,100001300022,100001301,'2020-08-23','1',700,585,485,3,1,50,20,103.149606,42.913386,16,150,24,16,120,24,1.5,16,120,24,0,0,0,0,0,0,0,0,0,0,0,0,0,0,450,5.28,1285,30.84,5,1349,32.382,9,0,44.523,15,51.20145,12,57.345624,'',NULL,NULL,NULL,NULL,NULL,NULL),(100001300030,1000013,100001300022,100001301,'2020-08-23','2',770,350,830,3,1,50,20,90.15748,47.244094,16,150,24,16,120,24,1.5,16,120,24,0,0,0,0,0,0,0,0,0,0,0,0,0,0,450,5.28,1237,29.688,5,1299,31.1724,9,0,42.8634,15,49.29291,12,55.208059,'',NULL,NULL,NULL,NULL,NULL,NULL),(100001300031,1000013,100001300022,100001301,'2020-08-23','3',815,585,485,3,1,50,20,112.204724,42.913386,16,150,24,16,120,24,1.5,16,120,24,0,0,0,0,0,0,0,0,0,0,0,0,0,0,450,5.28,1398,33.552,5,1468,35.2296,9,0,48.4416,15,55.70784,12,62.392781,'',NULL,NULL,NULL,NULL,NULL,NULL),(100001300032,1000013,100001300023,100001301,'2020-08-23','2',600,290,450,7,1,50,20,72.047244,29.92126,16,150,24,16,120,24,1.5,16,120,24,16,120,24,1.5,16,120,24,16,120,24,1.5,16,120,24,1050,11.04,1460,35.04,5,1533,36.792,9,0,50.589,15,58.17735,12,65.158632,'',NULL,NULL,NULL,NULL,NULL,NULL),(100001300033,1000013,100001300018,100001301,'2020-08-23','1',460,90,115,5,1,50,20,45.275591,8.858268,516,150,24,516,120,23,1.5,516,120,23,516,120,23,1.5,516,120,23,0,0,0,0,0,0,0,750,263.16,195,4.524,5,205,4.7502,9,0,6.5952,15,7.58448,12,8.494618,'',NULL,NULL,NULL,NULL,NULL,NULL),(100001300034,1000013,100001300033,100001301,'2020-08-23','1kgs X10 PAUCHES',330,205,155,5,1,50,20,44.094488,14.96063,16,150,24,16,120,24,1.5,16,120,24,16,120,24,1.5,16,120,24,0,0,0,0,0,0,0,750,8.16,320,7.68,5,336,8.064,9,0,11.088,15,12.7512,12,14.281344,'',NULL,NULL,NULL,NULL,NULL,NULL),(100001300035,1000013,100001300032,100001301,'2020-08-23','500ML',270,210,415,5,1,50,20,39.76378,25.393701,16,120,24,16,120,24,1.5,16,120,24,16,120,24,1.5,16,120,24,0,0,0,0,0,0,0,720,7.68,468,11.232,5,491,11.7936,9,0,16.2126,15,18.64449,12,20.881829,'',NULL,NULL,NULL,NULL,NULL,NULL),(100001300036,1000013,100001300031,100001301,'2020-08-23','1LITTER X20 BOTTELS',450,350,260,5,1,50,20,64.96063,24.80315,16,150,24,16,120,24,1.5,16,120,24,16,120,24,1.5,16,120,24,0,0,0,0,0,0,0,750,8.16,780,18.72,5,819,19.656,9,0,27.027,15,31.08105,12,34.810776,'',NULL,NULL,NULL,NULL,NULL,NULL),(100001300037,1000013,100001300029,100001301,'2020-08-23','4X5 LITTER JAR',375,280,315,5,1,50,20,53.543307,24.212598,16,120,24,16,120,24,1.5,16,120,24,16,120,24,1.5,16,120,24,0,0,0,0,0,0,0,720,7.68,602,14.448,5,632,15.1704,9,0,20.8584,15,23.98716,12,26.865619,'',NULL,NULL,NULL,NULL,NULL,NULL),(100001300038,1000013,100001300026,100001301,'2020-08-23','1',410,310,290,3,1,50,20,58.661417,24.409449,16,180,24,16,150,24,1.5,16,150,24,0,0,0,0,0,0,0,0,0,0,0,0,0,0,555,6.48,513,12.312,5,539,12.9276,9,0,17.7786,15,20.44539,12,22.898837,'',NULL,NULL,NULL,NULL,NULL,NULL),(100001300039,1000013,100001300024,100001301,'2020-08-23','SMALL BOX',790,325,350,5,1,50,20,89.76378,27.362205,24,180,50,16,180,25,1.5,16,180,25,16,180,25,1.5,16,180,25,0,0,0,0,0,0,0,1080,12.96,1711,49.9,5,1797,52.395,9,0,68.568,15,78.8532,12,88.315584,'',NULL,NULL,NULL,NULL,NULL,NULL),(100001300040,1000013,100001300004,100001301,'2020-08-23','2',460,360,335,5,1,50,20,66.535433,28.149606,16,150,24,16,120,24,1.5,16,120,24,16,120,24,1.5,16,120,24,0,0,0,0,0,0,0,750,8.16,907,21.768,5,952,22.8564,9,0,31.4244,15,36.13806,12,40.474627,'',NULL,NULL,NULL,NULL,NULL,NULL),(100001300041,1000013,100001300001,100001301,'2020-08-23','1LITTER X12 BOTTEL BOX',335,245,250,3,1,50,20,47.637795,20.275591,16,120,24,16,120,24,1.5,16,120,24,0,0,0,0,0,0,0,0,0,0,0,0,0,0,420,4.8,262,6.288,5,275,6.6024,9,0,9.0774,15,10.43901,12,11.691691,'',NULL,NULL,NULL,NULL,NULL,NULL),(100001300042,1000013,100001300001,100001301,'2020-08-23','4 X 5 LITTER CAN',430,250,275,3,1,50,20,55.511811,21.456693,16,150,24,16,120,24,1.5,16,120,24,0,0,0,0,0,0,0,0,0,0,0,0,0,0,450,5.28,345,8.28,5,362,8.694,9,0,11.952,15,13.7448,12,15.394176,'',NULL,NULL,NULL,NULL,NULL,NULL),(100001300043,1000013,100001300019,100001301,'2020-08-23','2 Tin Box',480,245,335,5,1,50,20,59.055118,23.622047,16,120,24,16,120,24,1.5,16,120,24,16,120,24,1.5,16,120,24,0,0,0,0,0,0,0,720,7.68,648,15.552,5,680,16.3296,9,0,22.4496,15,25.81704,12,28.915085,'',NULL,NULL,NULL,NULL,NULL,NULL),(100001300044,1000013,100001300031,100001301,'2020-08-25','24X500ML Bottle BOX',385,310,300,5,1,50,20,56.692913,24.80315,18,180,25,18,150,23,1.5,18,150,24,18,150,23.5,1.5,18,150,25,0,0,0,0,0,0,0,930,11.34,843,20.225,5,885,21.23625,9,0,29.20125,15,33.581437,12,37.61121,'',NULL,NULL,NULL,NULL,NULL,NULL),(100001300045,1000013,100001300031,100001301,'2020-08-25','1 Litter X 20 Bottle',400,300,260,5,1,50,20,57.086614,22.834646,16,180,25,16,150,24,1.5,16,180,24,16,150,24,1.5,16,180,25,0,0,0,0,0,0,0,990,11.04,831,20.246,5,873,21.2583,9,0,29.1153,15,33.482595,12,37.500506,'',NULL,NULL,NULL,NULL,NULL,NULL),(100001300046,1000013,100001300031,100001301,'2020-08-25','20bottel X1litter',400,300,260,5,1,50,20,57.086614,22.834646,16,18,25,16,150,23.5,1.5,16,180,23.5,16,150,23.5,1.5,16,180,25,0,0,0,0,0,0,0,828,8.448,695,16.5815,5,730,17.410575,9,0,23.980575,15,27.577661,12,30.886981,'',NULL,NULL,NULL,NULL,NULL,NULL),(100001300047,1000013,100001300034,100001301,'2020-08-25','Hand Wash',340,160,180,3,1,50,20,41.338583,14.173228,16,150,25,16,120,23.5,1.5,16,12,23.5,0,0,0,0,0,0,0,0,0,0,0,0,0,0,342,3.552,130,3.1405,5,137,3.297525,9,0,4.530525,15,5.210104,12,5.835316,'',NULL,NULL,NULL,NULL,NULL,NULL),(100001300048,1000013,100001300034,100001301,'2020-08-25','Finial',380,280,240,3,1,50,20,53.937008,21.259843,16,150,25,16,120,23.5,1.5,16,120,23.5,0,0,0,0,0,0,0,0,0,0,0,0,0,0,450,5.28,333,7.992,5,350,8.3916,9,0,11.5416,15,13.27284,12,14.865581,'',NULL,NULL,NULL,NULL,NULL,NULL),(100001300049,1000013,100001300031,100001301,'2020-08-25','250ml X 48 Bottle',465,290,210,5,1,50,20,61.417323,20.472441,18,180,25,18,150,23.5,1.5,18,150,23.5,18,150,23.5,1.5,18,150,25,0,0,0,0,0,0,0,930,11.34,756,18.168,5,794,19.0764,9,0,26.2224,15,30.15576,12,33.774451,'',NULL,NULL,NULL,NULL,NULL,NULL),(100001300050,1000013,100001300035,100001301,'2020-08-25','24Bottel X 500 Mo',385,310,300,5,1,50,20,56.692913,24.80315,18,180,25,18,150,23.5,1.5,18,150,23.5,18,150,23.5,1.5,18,150,25,0,0,0,0,0,0,0,930,11.34,843,20.259,5,885,21.27195,9,0,29.23695,15,33.622492,12,37.657192,'',NULL,NULL,NULL,NULL,NULL,NULL),(100001300051,1000013,100001300035,100001301,'2020-08-25','250ml X48 Botte',465,290,210,5,1,50,20,61.417323,20.472441,18,180,25,18,150,23.5,1.5,18,150,23.5,18,150,23.5,1.5,18,150,25,0,0,0,0,0,0,0,930,11.34,756,18.168,5,794,19.0764,9,0,26.2224,15,30.15576,12,33.774451,'',NULL,NULL,NULL,NULL,NULL,NULL),(100001400001,1000014,100001400007,100001401,'2021-05-25','3ply Box',205,105,105,3,3,50,20,26.377953,25.590551,18,140,38,18,140,38,1.4,18,140,38,0,0,0,0,0,0,0,0,0,0,0,0,0,0,476,6.3,69,2.622,12,77,2.93664,12,0.5,4.36064,15,5.014736,12,5.616504,'',NULL,NULL,NULL,NULL,NULL,NULL),(100001400002,1000014,100001400001,100001401,'2021-06-22','Gajanana ',500,470,525,7,1,50,20,78.346457,39.96063,14,120,35.5,14,120,35.5,1.4,14,120,35.5,14,120,35.5,1.4,14,120,35.5,14,120,35.5,1.4,14,120,35.5,984,9.24,1985,70.4675,3,2045,72.581525,9,2,92.986525,5,97.635851,12,109.352153,'',NULL,NULL,NULL,NULL,NULL,NULL),(100001400003,1000014,100001400001,100001401,'2021-07-06','Indi Organics',205,130,130,5,6,50,20,28.346457,62.204724,18,37,180,18,37,180,1.4,18,37,180,18,37,180,1.4,18,37,180,0,0,0,0,0,0,0,214.6,2.664,40.666667,7.32,8,44,7.9056,12,0,8.4336,40,11.80704,12,13.223885,'',NULL,NULL,NULL,NULL,NULL,NULL),(100001400004,1000014,100001400007,100001401,'2021-08-25','Indi Organics',155,130,335,3,2,50,20,24.409449,37.401575,18,120,34,18,120,34,1.4,18,120,34,0,0,0,0,0,0,0,0,0,0,0,0,0,0,408,5.4,120.5,4.097,5,127,4.30185,13,0,5.95285,15,6.845778,12,7.667271,'',NULL,NULL,NULL,NULL,NULL,NULL),(100001400005,1000014,100001400008,100001401,'2021-08-25','Alva',90,90,80,7,4,50,20,16.141732,27.559055,18,120,34,18,120,34,1.4,18,120,34,18,120,34,1.4,18,120,34,18,120,34,1.4,18,120,34,984,11.88,70,2.38,6,74,2.5228,13,0,3.4848,15,4.00752,12,4.488422,'',NULL,NULL,NULL,NULL,NULL,NULL),(100001500001,1000015,100001500001,100001501,'2020-08-22','Dahi 6 Cup',275,184,109,3,3,50,20,38.110236,35.393701,18,140,28,20,120,27,1.4,18,120,27,0,0,0,0,0,0,0,0,0,0,0,0,0,0,428,5.88,124,3.388667,3,128,3.490327,9,0.25,4.892327,10,5.381559,12,6.027346,'',NULL,NULL,NULL,NULL,NULL,NULL),(100001600001,1000016,100001600001,100001601,'2020-08-22','18kg ',300,300,205,5,2,50,20,49.212598,40.551181,18,180,42,14,100,37,1.5,14,100,37,14,100,37,1.5,14,100,37,0,0,0,0,0,0,0,680,7.44,438,16.786,3,451,17.28958,9,0.5,21.84858,15,25.125867,12,28.140971,'',NULL,NULL,NULL,NULL,NULL,NULL),(100001800002,1000018,100001800001,100001801,'2020-09-05','Kaju Tin Box',485,245,335,5,1,50,20,59.448819,23.622047,16,100,40,16,100,40,1.5,16,100,40,16,100,40,1.5,16,100,40,0,0,0,0,0,0,0,600,6.4,545,21.8,3,561,22.454,9,0,27.503,15,31.62845,12,35.423864,'',NULL,NULL,NULL,NULL,NULL,NULL),(100001800003,1000018,100001800003,100001801,'2020-09-06','1liter Box',317,225,285,3,1,50,20,44.645669,20.866142,16,120,32,16,120,32,1.5,16,120,32,0,0,0,0,0,0,0,0,0,0,0,0,0,0,420,4.8,252,8.064,4,262,8.38656,9,0,10.74456,15,12.356244,12,13.838993,'',NULL,NULL,NULL,NULL,NULL,NULL),(100001800004,1000018,100001800001,100001801,'2022-08-30','Kaju Master ',560,285,245,5,1,50,20,68.503937,21.653543,16,240,55,16,120,40,1.5,16,120,40,16,120,40,1.5,16,120,40,0,0,0,0,0,0,0,840,9.6,804,35.61,3,828,36.6783,5,0,40.8183,10,44.90013,12,50.288146,'',NULL,NULL,NULL,NULL,NULL,NULL),(100001800005,1000018,100001800001,100001801,'2022-08-30','Kaju Inner ',275,175,110,3,1,50,20,37.401575,12.007874,16,240,55,16,120,40,1.5,16,120,40,0,0,0,0,0,0,0,0,0,0,0,0,0,0,540,6.72,157,7.33,3,162,7.5499,5,0,8.3599,10,9.19589,12,10.299397,'',NULL,NULL,NULL,NULL,NULL,NULL),(100001800006,1000018,100001800016,100001801,'2023-04-09','Kandal',393,358,228,3,1,50,20,61.102362,23.858268,16,120,35,16,120,35,1.5,16,120,35,0,0,0,0,0,0,0,0,0,0,0,0,0,0,420,4.8,395,13.825,10,435,15.2075,9,0,19.1225,10,21.03475,12,23.55892,'',NULL,NULL,NULL,NULL,NULL,NULL),(100001800008,1000018,100001800017,100001801,'2023-04-24','Chowmin ',485,235,270,3,1,50,20,58.661417,20.669291,16,120,35,16,120,35,1.5,16,120,35,0,0,0,0,0,0,0,0,0,0,0,0,0,0,420,4.8,329,11.515,3,339,11.86045,9,0,14.91145,15,17.148167,12,19.205948,'',NULL,NULL,NULL,NULL,NULL,NULL),(100001800010,1000018,100001800018,100001801,'2023-05-11','Mushroom Big',610,415,305,5,1,50,20,82.677165,29.133858,16,120,36,16,120,36,1.5,16,120,36,16,120,36,1.5,16,120,36,0,0,0,0,0,0,0,720,7.68,1118,40.248,3,1152,41.45544,9,0,51.82344,15,59.596956,12,66.748591,'',NULL,NULL,NULL,NULL,NULL,NULL),(100001800011,1000018,100001800018,100001801,'2023-05-11','Mushroom Small',510,355,255,5,1,50,20,70.07874,24.80315,16,120,36,16,120,36,1.5,16,120,36,16,120,36,1.5,16,120,36,0,0,0,0,0,0,0,720,7.68,809,29.124,3,833,29.99772,9,0,37.49472,15,43.118928,12,48.293199,'',NULL,NULL,NULL,NULL,NULL,NULL),(100001800012,1000018,100001800015,100001801,'2023-05-17','Agarbatti ',530,445,440,5,1,50,20,78.740157,35.629921,16,120,36,16,120,36,1.5,16,120,36,16,120,36,1.5,16,120,36,0,0,0,0,0,0,0,720,7.68,1303,46.908,3,1342,48.31524,9,0,60.39324,15,69.452226,12,77.786493,'',NULL,NULL,NULL,NULL,NULL,NULL),(100001800013,1000018,100001800018,100001801,'2023-11-11','Mushroom Medium Box',610,355,305,5,1,50,20,77.952756,26.771654,16,140,36,16,120,36,1.5,16,120,36,16,120,36,1.5,16,120,36,0,0,0,0,0,0,0,740,8,996,35.856,3,1026,36.93168,9,0,46.16568,15,53.090532,12,59.461396,'',NULL,NULL,NULL,NULL,NULL,NULL),(100001900001,1000019,100001900001,100001901,'2020-08-22','Box',600,400,280,7,1,50,20,80.708661,27.559055,18,150,23,16,120,21,1.5,16,120,21,16,120,21,1.5,16,120,21,16,120,21,1.5,16,120,21,1050,11.34,1505,32.035,3,1550,32.99605,9,0,46.94605,10,51.640655,12,57.837534,'',NULL,NULL,NULL,NULL,NULL,NULL),(100001900002,1000019,100001900003,100001901,'2020-08-22','Om',534,381,458,5,1,50,20,74.015748,33.818898,16,120,21,16,120,21,1.4,16,120,21,16,120,21,1.4,16,120,21,0,0,0,0,0,0,0,696,7.68,1124,23.604,1,1135,23.84004,9,0,34.05504,6,36.098342,12,40.430143,'',NULL,NULL,NULL,NULL,NULL,NULL),(100001900003,1000019,100001900001,100001901,'2020-08-24','2',600,400,150,7,1,50,20,80.708661,22.440945,18,150,21,16,120,20,1.4,16,120,20,16,120,20,1.4,16,120,20,16,120,20,1.4,16,120,20,1014,11.34,1183,23.835,1,1195,24.07335,9,0,34.82835,15,40.052602,12,44.858915,'',NULL,NULL,NULL,NULL,NULL,NULL),(100002000001,1000020,100002000001,100002001,'2020-08-22','Clutch Box',500,500,300,3,2,50,20,80.708661,63.779528,16,150,32,16,150,32,1.5,16,150,32,0,0,0,0,0,0,0,0,0,0,0,0,0,0,525,6,871.5,27.888,3,898,28.72464,9,2,38.80664,15,44.627636,12,49.982952,'',NULL,NULL,NULL,NULL,NULL,NULL),(100002000002,1000020,100002000001,100002001,'2020-08-22','Cartoon',392,392,310,5,2,50,20,63.700787,56.062992,18,140,30,16,140,30,1.5,16,140,30,16,140,30,1.5,16,140,30,0,0,0,0,0,0,0,840,9.24,968.5,29.055,3,998,29.92665,9,0,38.90865,15,44.744947,1,45.192397,'',NULL,NULL,NULL,NULL,NULL,NULL),(100002100001,1000021,100002100001,100002101,'2020-08-22','400x400x200',400,400,200,5,2,50,20,64.96063,48.031496,18,140,27,18,120,26,1.4,18,120,26,18,120,26,1.4,18,140,27,0,0,0,0,0,0,0,736,9.36,741,19.548,2,756,19.93896,8,1,26.98696,5,28.336308,12,31.736665,'',NULL,NULL,NULL,NULL,NULL,NULL),(100002100002,1000021,100002100003,100002101,'2020-08-22','970x665x530',970,665,530,5,1,50,20,130.708661,47.834646,18,100,27,18,100,27,1.4,18,100,27,18,100,27,1.4,18,100,27,0,0,0,0,0,0,0,580,7.2,2339,63.153,2,2386,64.41606,8,1.75,85.25406,15,98.042169,12,109.807229,'',NULL,NULL,NULL,NULL,NULL,NULL),(100002100003,1000021,100002100004,100002101,'2020-08-23','1 Litre',310,230,280,3,2,50,20,44.488189,40.944882,18,140,27,18,120,27,1.4,18,100,27,0,0,0,0,0,0,0,0,0,0,0,0,0,0,408,5.4,240,6.48,3,247,6.6744,9,0.3,9.1974,10,10.11714,12,11.331197,'',NULL,NULL,NULL,NULL,NULL,NULL),(100002100004,1000021,100002100005,100002101,'2020-08-27','vp',485,330,490,5,1,50,20,66.141732,33.070866,18,100,27,18,100,27,1.4,18,100,27,18,100,27,1.4,18,100,27,0,0,0,0,0,0,0,580,7.2,819,22.113,3,844,22.77639,9,0,30.37239,15,34.928249,12,39.119638,'',NULL,NULL,NULL,NULL,NULL,NULL),(100002100005,1000021,100002100003,100002101,'2020-08-27','Al',1135,675,310,7,1,50,20,144.488189,39.566929,18,120,27,18,120,27,1.4,18,120,27,18,120,27,1.4,18,120,27,18,120,27,1.4,18,120,27,984,11.88,3632,98.064,3,3741,101.00592,9,3,137.67492,5,144.558666,12,161.905706,'',NULL,NULL,NULL,NULL,NULL,NULL),(100002100006,1000021,100002100006,100002101,'2020-08-28','Outer',438,325,420,5,1,50,20,62.047244,30.11811,18,140,27,18,140,27,1.4,18,140,27,18,120,27,1.4,18,120,27,0,0,0,0,0,0,0,764,9.54,922,24.894,3,950,25.64082,9,3.3,37.49082,15,43.114443,12,48.288176,'',NULL,NULL,NULL,NULL,NULL,NULL),(100002100007,1000021,100002100006,100002101,'2020-08-28','Inner',310,210,95,3,4,50,20,42.913386,48.818898,18,140,27,18,140,27,1.4,18,120,27,0,0,0,0,0,0,0,0,0,0,0,0,0,0,456,5.94,154,4.158,3,159,4.28274,9,2,7.71374,15,8.870801,12,9.935297,'',NULL,NULL,NULL,NULL,NULL,NULL),(100002100008,1000021,100002100007,100002101,'2020-08-29','Cadila',340,325,350,7,1,50,20,54.330709,27.362205,18,140,27,18,100,27,1.4,18,100,27,18,100,27,1.4,18,100,27,18,100,27,1.4,18,100,27,860,10.62,824,22.248,3,849,22.91544,9,3,33.55644,15,38.589906,12,43.220695,'',NULL,NULL,NULL,NULL,NULL,NULL),(100002100009,1000021,100002100006,100002101,'2020-08-29','Outer 2',463,345,410,5,1,50,20,65.590551,30.511811,18,140,27,18,140,27,1.4,18,140,27,18,120,27,1.4,18,120,27,0,0,0,0,0,0,0,764,9.54,987,26.649,3,1017,27.44847,9,1,37.60147,15,43.24169,12,48.430693,'',NULL,NULL,NULL,NULL,NULL,NULL),(100002100010,1000021,100002100007,100002101,'2020-08-31','200x185x125',200,185,125,3,4,50,20,32.283465,49.606299,18,140,27,18,140,27,1.4,18,140,27,0,0,0,0,0,0,0,0,0,0,0,0,0,0,476,6.3,123.25,3.32775,3,127,3.427583,9,1,5.570583,10,6.127641,12,6.862958,'',NULL,NULL,NULL,NULL,NULL,NULL),(100002100011,1000021,100002100007,100002101,'2020-08-31','370x200x125',370,200,125,3,2,50,20,46.850394,26.377953,18,100,27,18,140,27,1.5,18,140,27,0,0,0,0,0,0,0,0,0,0,0,0,0,0,450,5.58,179.5,4.8465,3,185,4.991895,9,1,7.656895,10,8.422585,12,9.433295,'',NULL,NULL,NULL,NULL,NULL,NULL),(100002100012,1000021,100002100007,100002101,'2020-08-31','370x200x125..',370,200,125,3,2,50,20,46.850394,26.377953,18,140,27,18,100,27,1.4,18,100,27,0,0,0,0,0,0,0,0,0,0,0,0,0,0,380,5.22,152,4.104,3,157,4.22712,9,1,6.64012,10,7.304132,12,8.180628,'',NULL,NULL,NULL,NULL,NULL,NULL),(100002100013,1000021,100002100007,100002101,'2020-08-31','200x185x125...',200,185,125,3,2,50,20,32.283465,25.19685,18,140,27,18,100,27,1.4,18,100,27,0,0,0,0,0,0,0,0,0,0,0,0,0,0,380,5.22,99,2.673,3,102,2.75319,9,1,4.67119,10,5.138309,12,5.754906,'',NULL,NULL,NULL,NULL,NULL,NULL),(100002100014,1000021,100002100007,100002101,'2020-08-31','430x380x355',430,380,355,7,1,50,20,65.748031,29.724409,18,140,27,18,100,27,1.4,18,100,27,18,100,27,1.4,18,100,27,18,100,27,1.4,18,100,27,860,10.62,1086,29.322,3,1119,30.20166,9,4.4,44.67266,15,51.373559,12,57.538386,'',NULL,NULL,NULL,NULL,NULL,NULL),(100002100015,1000021,100002100007,100002101,'2020-08-31','430x380x355..',430,380,355,7,1,50,20,65.748031,29.724409,18,140,27,18,100,27,1.4,18,100,27,18,100,27,1.4,18,100,27,18,100,27,1.4,18,100,27,860,10.62,1086,29.322,2,1108,29.90844,9,2,41.88044,7,44.812071,12,50.189519,'',NULL,NULL,NULL,NULL,NULL,NULL),(100002100016,1000021,100002100009,100002101,'2020-09-01','Regency',305,230,275,3,2,50,20,44.094488,40.551181,18,100,25,18,100,25,1.4,18,100,25,0,0,0,0,0,0,0,0,0,0,0,0,0,0,340,4.5,196,4.9,2,200,4.998,7,1.05,7.448,4,7.74592,12,8.67543,'',NULL,NULL,NULL,NULL,NULL,NULL),(100002100017,1000021,100002100009,100002101,'2020-09-01','Budweiser',320,240,280,3,2,50,20,46.062992,41.732283,18,120,25,18,120,25,1.4,18,120,25,0,0,0,0,0,0,0,0,0,0,0,0,0,0,408,5.4,253,6.325,2,258,6.4515,8,1,9.5155,4,9.89612,12,11.083654,'',NULL,NULL,NULL,NULL,NULL,NULL),(100002100018,1000021,100002100010,100002101,'2020-09-03','250 ml',420,295,167,3,2,50,20,58.267717,37.165354,18,140,25,18,120,25,1.4,18,100,25,0,0,0,0,0,0,0,0,0,0,0,0,0,0,408,5.4,285.5,7.1375,2,292,7.28025,10,1,11.20025,5,11.760262,12,13.171494,'',NULL,NULL,NULL,NULL,NULL,NULL),(100002100019,1000021,100002100011,100002101,'2020-09-06','Yeleo 500ml',440,280,200,5,2,50,20,58.661417,38.582677,18,100,27,18,100,27,1.4,18,100,27,18,100,27,1.4,18,100,27,0,0,0,0,0,0,0,580,7.2,423,11.421,3,436,11.76363,9,1.25,16.93763,10,18.631393,12,20.86716,'',NULL,NULL,NULL,NULL,NULL,NULL),(100002100020,1000021,100002100012,100002101,'2020-09-07','200x200x100',200,200,100,5,2,50,20,33.464567,24.409449,0,230,35,18,100,27,1.4,18,100,27,18,100,27,1.4,18,100,27,0,0,0,0,0,0,0,710,5.4,187.5,5.5465,3,194,5.712895,9,1.3,8.758895,7,9.372018,12,10.49666,'',NULL,NULL,NULL,NULL,NULL,NULL),(100002100021,1000021,100002100012,100002101,'2020-09-07','340x240x40',340,240,40,5,2,50,20,47.637795,22.834646,18,140,27,18,100,27,1.4,18,100,27,18,100,27,1.4,18,100,27,0,0,0,0,0,0,0,620,7.92,217,5.859,3,224,6.03477,9,0.3,8.35077,5,8.768308,12,9.820506,'',NULL,NULL,NULL,NULL,NULL,NULL),(100002100022,1000021,100002100012,100002101,'2020-09-07','352x252x40',352,252,40,5,2,50,20,49.527559,23.779528,18,230,35,18,100,27,1.4,18,100,27,18,100,27,1.4,18,100,27,0,0,0,0,0,0,0,710,9.54,269.5,7.9765,3,278,8.215795,9,1.3,12.017795,5,12.618685,12,14.132927,'',NULL,NULL,NULL,NULL,NULL,NULL),(100002100023,1000021,100002100012,100002101,'2020-09-07','340x240x60',340,240,60,5,2,50,20,47.637795,24.409449,18,140,27,18,100,27,1.4,18,100,27,18,100,27,1.4,18,100,27,0,0,0,0,0,0,0,620,7.92,232.5,6.2775,3,240,6.465825,9,0.3,8.925825,5,9.372116,12,10.49677,'',NULL,NULL,NULL,NULL,NULL,NULL),(100002100024,1000021,100002100012,100002101,'2020-09-07','352x252x60',352,252,60,5,2,50,20,49.527559,25.354331,18,230,35,18,100,27,1.4,18,100,27,18,100,27,1.4,18,100,27,0,0,0,0,0,0,0,710,9.54,287,8.493,3,296,8.74779,9,1.3,12.71179,5,13.34738,12,14.949065,'',NULL,NULL,NULL,NULL,NULL,NULL),(100002100025,1000021,100002100012,100002101,'2020-09-10','200*200*100',200,200,95,5,2,50,20,33.464567,24.015748,18,230,35,18,100,27,1.4,18,100,27,18,100,27,1.4,18,100,27,0,0,0,0,0,0,0,710,9.54,184.5,5.4575,3,191,5.621225,9,1,8.340225,5,8.757236,12,9.808105,'',NULL,NULL,NULL,NULL,NULL,NULL),(100002100026,1000021,100002100012,100002101,'2020-09-10','200*200*100',200,200,95,5,2,50,20,33.464567,24.015748,18,230,35,18,100,27,1.4,18,100,27,18,100,27,1.4,18,100,27,0,0,0,0,0,0,0,710,9.54,184.5,5.4575,3,191,5.621225,9,1,8.340225,5,8.757236,12,9.808105,'',NULL,NULL,NULL,NULL,NULL,NULL),(100002100027,1000021,100002100013,100002101,'2020-09-10','1 litre',310,230,280,3,2,50,20,44.488189,40.944882,18,140,26,18,100,26,1.4,18,100,26,0,0,0,0,0,0,0,0,0,0,0,0,0,0,380,5.22,224,5.824,2,228,5.94048,8,0.57,8.33448,5,8.751204,12,9.801348,'',NULL,NULL,NULL,NULL,NULL,NULL),(100002100028,1000021,100002100013,100002101,'2020-09-10','250 ml',310,215,170,3,2,50,20,43.307087,31.102362,18,140,26,18,100,26,1.5,18,100,26,0,0,0,0,0,0,0,0,0,0,0,0,0,0,390,5.22,169.5,4.407,3,175,4.53921,10,0,6.28921,5.7,6.647695,12,7.445418,'',NULL,NULL,NULL,NULL,NULL,NULL),(100002100029,1000021,100002100013,100002101,'2020-09-10','500 ml',390,255,210,3,2,50,20,52.755906,37.401575,18,140,26,18,100,25,1.5,18,100,25,0,0,0,0,0,0,0,0,0,0,0,0,0,0,390,5.22,248,6.289,3,255,6.47767,10,0,9.02767,5.7,9.542247,12,10.687317,'',NULL,NULL,NULL,NULL,NULL,NULL),(100002100030,1000021,100002100010,100002101,'2020-09-12','1 litre',310,230,280,3,2,50,20,44.488189,40.944882,18,140,25,18,120,25,1.4,18,100,25,0,0,0,0,0,0,0,0,0,0,0,0,0,0,408,5.4,240,6,2,245,6.12,10,0,8.57,5,8.9985,12,10.07832,'',NULL,NULL,NULL,NULL,NULL,NULL),(100002100031,1000021,100002100007,100002101,'2020-09-17','500*370*380',500,370,380,7,1,50,20,70.472441,30.314961,18,140,26,18,100,26,1.5,18,100,26,18,100,26,1.5,18,100,26,18,100,26,1.5,18,100,26,890,10.62,1228,31.928,2,1253,32.56656,8.3,1.5,44.46646,10,48.913106,12,54.782679,'',NULL,NULL,NULL,NULL,NULL,NULL),(100002100032,1000021,100002100007,100002101,'2020-09-24','455*310*480',455,310,480,7,1,50,20,62.204724,31.889764,18,140,27,18,100,27,1.5,18,100,27,18,100,27,1.5,18,100,27,18,100,27,1.5,18,100,27,890,10.62,1139,30.753,2,1162,31.36806,9,2.5,44.32606,10,48.758666,12,54.609706,'',NULL,NULL,NULL,NULL,NULL,NULL),(100002100033,1000021,100002100007,100002101,'2020-09-24','475*325*425',475,325,425,7,1,50,20,64.96063,30.314961,18,140,26,18,100,26,1.5,18,100,26,18,100,26,1.5,18,100,26,18,100,26,1.5,18,100,26,890,10.62,1132,29.432,3,1166,30.31496,9,3,43.80896,15,50.380304,12,56.42594,'',NULL,NULL,NULL,NULL,NULL,NULL),(100002100034,1000021,100002100015,100002101,'2020-09-28','670*305*660',670,305,660,3,1,50,20,78.740157,38.779528,18,140,29,18,100,29,1.5,18,100,29,0,0,0,0,0,0,0,0,0,0,0,0,0,0,390,5.22,769,22.301,3,792,22.97003,9,1.04,31.13803,8,33.629072,12,37.664561,'',NULL,NULL,NULL,NULL,NULL,NULL),(100002100035,1000021,100002100015,100002101,'2020-09-28','304.8*241.3*254',305,242,254,3,1,50,20,45.03937,20.314961,18,100,29,18,100,29,1.5,18,100,29,0,0,0,0,0,0,0,0,0,0,0,0,0,0,350,4.5,207,6.003,3,213,6.18309,10,0,8.31309,13.5,9.435357,12,10.5676,'',NULL,NULL,NULL,NULL,NULL,NULL),(100002100036,1000021,100002100015,100002101,'2020-09-28','304.8*241.3*229 ...',305,242,229,3,1,50,20,45.03937,19.330709,18,100,29,18,100,29,1.5,18,100,29,0,0,0,0,0,0,0,0,0,0,0,0,0,0,350,4.5,196,5.684,3,202,5.85452,10,0,7.87452,13,8.898208,12,9.965993,'',NULL,NULL,NULL,NULL,NULL,NULL),(100002100037,1000021,100002100018,100002101,'2020-10-02','270*205*270',270,205,270,3,2,50,20,39.370079,38.188976,18,100,27,18,100,27,1.5,18,100,27,0,0,0,0,0,0,0,0,0,0,0,0,0,0,350,4.5,169.5,4.5765,3,175,4.713795,9,0,6.288795,10,6.917675,12,7.747795,'',NULL,NULL,NULL,NULL,NULL,NULL),(100002100038,1000021,100002100017,100002101,'2020-10-02','330*250*280',330,250,280,3,2,50,20,47.637795,42.519685,18,100,27,18,100,27,1.5,18,100,27,0,0,0,0,0,0,0,0,0,0,0,0,0,0,350,4.5,229,6.183,3,236,6.36849,9,0,8.49249,11,9.426664,12,10.557864,'',NULL,NULL,NULL,NULL,NULL,NULL),(100002100039,1000021,100002100018,100002101,'2020-10-02','275*205*255',275,205,255,3,2,50,20,39.76378,37.007874,18,120,27,18,120,27,1.5,18,120,27,0,0,0,0,0,0,0,0,0,0,0,0,0,0,420,5.4,199.5,5.3865,2,204,5.49423,9,0,7.33023,7,7.843346,12,8.784548,'',NULL,NULL,NULL,NULL,NULL,NULL),(100002100040,1000021,100002100018,100002101,'2020-10-02','335*250*275',335,250,275,3,2,50,20,48.031496,42.125984,18,120,27,18,120,27,1.5,18,120,27,0,0,0,0,0,0,0,0,0,0,0,0,0,0,420,5.4,274.5,7.4115,2,280,7.55973,9,0,10.07973,6.5,10.734912,12,12.023102,'',NULL,NULL,NULL,NULL,NULL,NULL),(100002100041,1000021,100002100006,100002101,'2020-10-04','410*395*260',410,395,260,5,1,50,20,65.354331,26.574803,18,140,27,18,120,27,1.5,18,140,27,18,120,27,1.5,18,140,27,0,0,0,0,0,0,0,780,9.72,875,23.625,3,901,24.33375,9,0.99,33.43275,15,38.447662,12,43.061382,'',NULL,NULL,NULL,NULL,NULL,NULL),(100002100042,1000021,100002100006,100002101,'2020-10-04','190*135*235',190,135,235,3,1,50,20,27.559055,15.354331,18,140,27,18,120,27,1.5,18,120,27,0,0,0,0,0,0,0,0,0,0,0,0,0,0,440,5.76,120,3.24,3,124,3.3372,9,0.5,4.9532,13,5.597116,12,6.26877,'',NULL,NULL,NULL,NULL,NULL,NULL),(100002100043,1000021,100002100019,100002101,'2020-10-05','615*410*640',615,410,640,3,1,50,20,82.677165,42.125984,18,100,27,18,100,27,1.4,18,100,27,0,0,0,0,0,0,0,0,0,0,0,0,0,0,340,4.5,765,20.655,3,788,21.27465,10,0,29.15465,3,30.02929,12,33.632804,'',NULL,NULL,NULL,NULL,NULL,NULL),(100002100044,1000021,100002100012,100002101,'2020-10-07','230*230*70',230,225,67,5,1,50,20,37.795276,12.283465,18,140,28,18,100,28,1.4,18,100,28,18,100,28,1.4,18,100,28,0,0,0,0,0,0,0,620,7.92,186,5.208,2,190,5.31216,9,0,7.02216,13.5,7.970152,12,8.92657,'',NULL,NULL,NULL,NULL,NULL,NULL),(100002100045,1000021,100002100012,100002101,'2020-10-07','230*230*70 ..3 ply',230,225,68,3,1,50,20,37.795276,12.322835,18,140,27,18,100,27,1.4,18,100,27,0,0,0,0,0,0,0,0,0,0,0,0,0,0,380,5.22,114,3.078,2,116,3.13956,10,0,4.29956,12,4.815507,12,5.393368,'',NULL,NULL,NULL,NULL,NULL,NULL),(100002100046,1000021,100002100015,100002101,'2020-10-08','230*230*110',230,230,110,3,2,50,20,38.188976,27.559055,18,230,30,18,140,29,1.5,18,100,27,0,0,0,0,0,0,0,0,0,0,0,0,0,0,540,7.2,183.5,5.3315,3,190,5.491445,10,0,7.391445,15,8.500162,12,9.520181,'',NULL,NULL,NULL,NULL,NULL,NULL),(100002100047,1000021,100002100007,100002101,'2020-10-10','700*470*350',700,470,350,7,1,50,20,94.094488,33.070866,18,140,27,18,100,27,1.5,18,100,27,18,100,27,1.5,18,100,27,18,100,27,1.5,18,100,27,890,10.62,1787,48.249,3,1841,49.69647,9,0,66.26547,15,76.205291,12,85.349925,'',NULL,NULL,NULL,NULL,NULL,NULL),(100002100048,1000021,100002100015,100002101,'2020-10-13','230*230*70..',230,230,70,5,2,50,20,38.188976,24.409449,10,140,28,10,100,28,1.5,10,100,28,10,100,28,1.5,10,100,28,0,0,0,0,0,0,0,640,4.4,192,5.376,3,198,5.53728,9,0,7.31928,15,8.417172,12,9.427233,'',NULL,NULL,NULL,NULL,NULL,NULL),(100002100049,1000021,100002100020,100002101,'2020-10-21','440*440*200',440,440,200,7,1,50,20,71.259843,25.984252,18,140,27,18,100,27,1.5,18,100,27,18,100,27,1.5,18,100,27,18,100,27,1.5,18,100,27,890,10.62,1061,28.647,3,1093,29.50641,9,0,39.34341,15,45.244921,12,50.674312,'',NULL,NULL,NULL,NULL,NULL,NULL),(100002100050,1000021,100002100019,100002101,'2020-12-01','525*395*475',530,400,482,3,1,50,20,75.19685,35.511811,18,100,27.5,18,100,27.5,1.4,18,100,27.5,0,0,0,0,0,0,0,0,0,0,0,0,0,0,340,4.5,585,16.0875,4,608,16.731,10,0,22.811,2.59,23.401805,12,26.210021,'',NULL,NULL,NULL,NULL,NULL,NULL),(100002100051,1000021,100002100019,100002101,'2020-12-02','PKC0233',520,395,415,5,1,50,20,74.015748,32.677165,18,100,27.5,18,100,27.5,1.4,18,100,27.5,18,100,27.5,1.4,18,100,27.5,0,0,0,0,0,0,0,580,7.2,904,24.86,2,922,25.3572,10,0,34.5772,6.7,36.893872,12,41.321137,'',NULL,NULL,NULL,NULL,NULL,NULL),(100002100052,1000021,100002100022,100002101,'2020-12-04','465*385*85',465,385,85,5,2,50,20,68.897638,37.795276,18,140,29,18,100,28,1.5,18,140,29,18,100,28,1.5,18,140,29,0,0,0,0,0,0,0,720,9.36,604.5,17.2785,2,617,17.62407,9,0,23.17707,3,23.872382,12,26.737068,'',NULL,NULL,NULL,NULL,NULL,NULL),(100002100053,1000021,100002100019,100002101,'2020-12-24','40 ml Sarso',602,372,234,3,1,50,20,78.661417,24.645669,18,100,35,18,100,35,1.4,18,100,35,0,0,0,0,0,0,0,0,0,0,0,0,0,0,340,4.5,425,14.875,2,434,15.1725,10,0,19.5125,0,19.5125,12,21.854,'',NULL,NULL,NULL,NULL,NULL,NULL),(100002100054,1000021,100002100019,100002101,'2020-12-27','750 ml',927,467,279,3,1,50,20,111.732283,30.15748,18,120,35,18,120,35,1.5,18,120,35,0,0,0,0,0,0,0,0,0,0,0,0,0,0,420,5.4,913,31.955,2,931,32.5941,10,0,41.9041,2.58,42.985226,12,48.143453,'',NULL,NULL,NULL,NULL,NULL,NULL),(100002100055,1000021,100002100019,100002101,'2020-12-27','750 ml..',927,467,279,3,1,50,20,111.732283,30.15748,18,120,34,18,120,34,1.4,18,120,34,0,0,0,0,0,0,0,0,0,0,0,0,0,0,408,5.4,887,30.158,2,905,30.76116,10,0,39.81116,6.12,42.247603,12,47.317315,'',NULL,NULL,NULL,NULL,NULL,NULL),(100002100056,1000021,100002100019,100002101,'2021-01-14','SHO',575,315,254,3,2,50,20,72.047244,45.590551,18,100,34,18,100,34,1.5,18,100,34,0,0,0,0,0,0,0,0,0,0,0,0,0,0,350,4.5,371,12.614,3,382,12.99242,9,0,16.43042,15,18.894983,12,21.162381,'',NULL,NULL,NULL,NULL,NULL,NULL),(100002100057,1000021,100002100020,100002101,'2021-04-26','750 GM',440,325,305,7,1,50,20,62.204724,25.590551,16,140,40,16,100,40,1.4,16,100,40,16,100,40,1.4,16,100,40,16,100,40,1.4,16,100,40,860,9.44,885,35.4,2,903,36.108,10,11,56.138,15,64.5587,12,72.305744,'',NULL,NULL,NULL,NULL,NULL,NULL),(100002100058,1000021,100002100020,100002101,'2021-04-26','225 gm',480,320,185,7,1,50,20,64.96063,20.669291,10,140,40,10,100,40,1.4,10,100,40,10,100,40,1.4,10,100,40,10,100,40,1.4,10,100,40,860,5.9,745,29.8,3,767,30.694,9,0,37.597,15,43.23655,12,48.424936,'',NULL,NULL,NULL,NULL,NULL,NULL),(100002100059,1000021,100002100020,100002101,'2021-04-26','450 Gm',570,295,250,7,1,50,20,70.07874,22.244094,18,140,40,18,100,40,1.4,18,100,40,18,100,40,1.4,18,100,40,18,100,40,1.4,18,100,40,860,10.62,867,34.68,3,893,35.7204,9,12.75,56.5074,15,64.98351,12,72.781531,'',NULL,NULL,NULL,NULL,NULL,NULL),(100002100060,1000021,100002100016,100002101,'2021-04-28','95*90*60',95,90,60,3,5,50,20,16.535433,30.314961,16,120,33,16,120,33,1.4,16,120,33,0,0,0,0,0,0,0,0,0,0,0,0,0,0,408,4.8,26.4,0.8712,2,27,0.888624,9,0,1.131624,5,1.188205,12,1.33079,'',NULL,NULL,NULL,NULL,NULL,NULL),(100002100061,1000021,100002100016,100002101,'2021-04-28','95*95*6',300,195,195,5,1,50,20,40.944882,16.141732,18,100,38,18,100,38,1.4,18,100,38,18,100,38,1.4,18,100,38,0,0,0,0,0,0,0,580,7.2,249,9.462,3,256,9.74586,9,0,12.04986,15,13.857339,12,15.52022,'',NULL,NULL,NULL,NULL,NULL,NULL),(100002100062,1000021,100002100016,100002101,'2021-04-28','95*95*6p',200,200,62,3,4,50,20,33.464567,42.047244,18,120,38,18,120,38,1.4,18,120,38,0,0,0,0,0,0,0,0,0,0,0,0,0,0,408,5.4,92.75,3.5245,3,96,3.630235,9,0,4.494235,15,5.16837,12,5.788575,'',NULL,NULL,NULL,NULL,NULL,NULL),(100002100063,1000021,100002100016,100002101,'2021-04-28','95*95*6pm',225,110,65,5,4,50,20,28.346457,28.346457,18,140,38,18,120,38,1.4,18,120,38,18,120,38,1.4,18,120,38,0,0,0,0,0,0,0,716,9,92.75,3.5245,3,96,3.630235,9,0,4.494235,15,5.16837,12,5.788575,'',NULL,NULL,NULL,NULL,NULL,NULL),(100002100064,1000021,100002100019,100002101,'2021-04-28','30 ml gulabari',535,400,442,5,1,50,20,75.590551,33.937008,18,100,36,18,100,36,1.4,18,100,36,18,100,36,1.4,18,100,36,0,0,0,0,0,0,0,580,7.2,962,34.632,2,981,35.32464,10,0,45.13464,10,49.648104,12,55.605876,'',NULL,NULL,NULL,NULL,NULL,NULL),(100002100065,1000021,100002100008,100002101,'2021-04-28','45',742,437,397,3,1,50,20,94.80315,33.622047,18,100,37,18,100,37,1.5,18,100,37,0,0,0,0,0,0,0,0,0,0,0,0,0,0,350,4.5,720,26.64,3,742,27.4392,9,0,34.1172,15,39.23478,12,43.942954,'',NULL,NULL,NULL,NULL,NULL,NULL),(100002100066,1000021,100002100019,100002101,'2021-05-04','610*425*325',610,425,325,5,1,50,20,83.464567,30.314961,18,100,40,18,100,40,1.4,18,100,40,18,100,40,1.4,18,120,40,0,0,0,0,0,0,0,600,7.56,980,39.2,2,1000,39.984,10,0,49.984,5,52.4832,12,58.781184,'',NULL,NULL,NULL,NULL,NULL,NULL),(100002100067,1000021,100002100019,100002101,'2021-05-07','Mint',300,190,195,5,1,50,20,40.551181,15.944882,16,120,35,16,120,35,1.5,16,120,35,16,120,35,1.5,16,120,35,0,0,0,0,0,0,0,720,7.68,300,10.5,3,309,10.815,9,0,13.596,15,15.6354,12,17.511648,'',NULL,NULL,NULL,NULL,NULL,NULL),(100002100068,1000021,100002100007,100002101,'2021-05-22','340*330*350',340,330,350,7,1,50,20,54.724409,27.559055,18,140,35,18,100,35,1.5,18,100,35,18,100,35,1.5,18,100,35,18,100,35,1.5,18,100,35,890,10.62,865,30.275,4,900,31.486,15,0,44.986,20,53.9832,12,60.461184,'',NULL,NULL,NULL,NULL,NULL,NULL),(100002100069,1000021,100002100019,100002101,'2021-05-26','100 ml SHO Bottles',580,320,261,3,2,50,20,72.834646,46.535433,16,100,35,16,100,35,1.4,16,100,35,0,0,0,0,0,0,0,0,0,0,0,0,0,0,340,4,372,13.02,1,376,13.1502,10,0,16.9102,15,19.44673,12,21.780338,'',NULL,NULL,NULL,NULL,NULL,NULL),(100002100070,1000021,100002100019,100002101,'2021-05-28','175 ml...',600,395,372,3,1,50,20,80.314961,30.984252,16,100,36,16,100,36,1.4,16,100,36,0,0,0,0,0,0,0,0,0,0,0,0,0,0,340,4,547,19.692,2,558,20.08584,10,0,25.66584,11,28.489082,12,31.907772,'',NULL,NULL,NULL,NULL,NULL,NULL),(100002100071,1000021,100002100019,100002101,'2021-05-28','30 Ml New Dabur Gulabari',535,405,532,5,1,50,20,75.984252,37.677165,18,100,39,18,100,39,1.4,18,100,39,18,100,39,1.4,18,100,39,0,0,0,0,0,0,0,580,7.2,1073,41.847,3,1105,43.10241,10,0,54.15241,15,62.275272,12,69.748304,'',NULL,NULL,NULL,NULL,NULL,NULL),(100002100072,1000021,100002100019,100002101,'2021-05-29','700*350*230',705,355,242,3,1,50,20,85.433071,24.291339,18,120,39,18,120,39,1.5,18,120,39,0,0,0,0,0,0,0,0,0,0,0,0,0,0,420,5.4,563,21.957,3,580,22.61571,10,0,28.41571,12,31.825595,12,35.644667,'',NULL,NULL,NULL,NULL,NULL,NULL),(100002100073,1000021,100002100023,100002101,'2021-06-05','650*560*380',650,560,380,7,1,50,20,97.244094,37.795276,22,180,41,22,140,41,1.5,22,140,41,22,140,41,1.5,22,140,41,22,140,41,1.5,22,180,41,1270,18.7,3012,123.492,3,3102,127.19676,10,0,158.21676,5,166.127598,12,186.06291,'',NULL,NULL,NULL,NULL,NULL,NULL),(100002100074,1000021,100002100023,100002101,'2021-06-11','fruit farukhabad',430,215,215,5,1,50,20,52.755906,17.716535,24,180,40,18,120,38,1.4,18,120,38,18,120,38,1.4,18,120,38,0,0,0,0,0,0,0,756,10.8,455,17.508,2,464,17.85816,10,0,22.49816,0,22.49816,12,25.197939,'',NULL,NULL,NULL,NULL,NULL,NULL),(100002100075,1000021,100002100023,100002101,'2021-06-11','Mango Box',430,215,215,5,1,50,20,52.755906,17.716535,24,160,40,18,120,38,1.5,18,120,38,18,120,38,1.5,18,120,38,0,0,0,0,0,0,0,760,10.32,458,17.596,2,467,17.94792,10,0,22.61792,0,22.61792,12,25.33207,'',NULL,NULL,NULL,NULL,NULL,NULL),(100002100076,1000021,100002100023,100002101,'2021-06-11','Adhti',420,220,220,5,1,50,20,52.362205,18.110236,18,230,45,18,100,38,1.4,18,120,38,18,100,38,1.4,18,120,38,0,0,0,0,0,0,0,750,10.26,459,18.429,3,473,18.98187,10,0,23.71187,15,27.26865,12,30.540889,'',NULL,NULL,NULL,NULL,NULL,NULL),(100002100077,1000021,100002100019,100002101,'2021-06-12','200 ml Lassi',742,437,397,3,1,50,20,94.80315,33.622047,18,100,38,18,100,38,1.4,18,100,38,0,0,0,0,0,0,0,0,0,0,0,0,0,0,340,4.5,700,26.6,3,721,27.398,10,0,34.608,15,39.7992,12,44.575104,'',NULL,NULL,NULL,NULL,NULL,NULL),(100002100078,1000021,100002100019,100002101,'2021-06-12','200 ml Lassi..',765,440,404,3,1,50,20,96.850394,34.015748,18,120,36,18,100,36,1.4,18,120,36,0,0,0,0,0,0,0,0,0,0,0,0,0,0,380,5.22,808,29.088,2,824,29.66976,10,0,37.90976,15.95,43.956367,12,49.231131,'',NULL,NULL,NULL,NULL,NULL,NULL),(100002100079,1000021,100002100019,100002101,'2021-06-18','725*340*300',728,443,307,3,1,50,20,94.173228,30.314961,18,100,35.5,18,100,35.5,1.4,18,100,35.5,0,0,0,0,0,0,0,0,0,0,0,0,0,0,340,4.5,626,22.223,3,645,22.88969,10,0,29.33969,15,33.740643,12,37.789521,'',NULL,NULL,NULL,NULL,NULL,NULL),(100002100080,1000021,100002100024,100002101,'2021-07-05','640*429*505',640,440,505,5,1,50,20,87.007874,37.992126,22,140,39,18,120,34,1.4,18,120,34,18,120,34,1.4,18,120,34,0,0,0,0,0,0,0,716,9.56,1527,53.413,1,1542,53.94713,10,0,69.36713,15,79.772199,12,89.344863,'',NULL,NULL,NULL,NULL,NULL,NULL),(100002100081,1000021,100002100020,100002101,'2021-07-08','470*470*215 ',470,470,215,7,1,50,20,75.984252,27.755906,18,140,39,18,100,36,1.5,18,100,36,18,100,36,1.5,18,100,36,18,100,36,1.5,18,100,36,890,10.62,1210,44.13,1,1222,44.5713,10,0,56.7913,0,56.7913,12,63.606256,'',NULL,NULL,NULL,NULL,NULL,NULL),(100002100082,1000021,100002100019,100002101,'2021-07-13','250 ml dabur gulabari',565,405,535,3,1,50,20,78.346457,37.795276,18,100,35,18,100,35,1.4,18,100,35,0,0,0,0,0,0,0,0,0,0,0,0,0,0,340,4.5,649,22.715,2,662,23.1693,10,0,29.7893,14.12,33.995549,12,38.075015,'',NULL,NULL,NULL,NULL,NULL,NULL),(100002100083,1000021,100002100019,100002101,'2021-07-14','713*513*235',712,512,235,3,1,50,20,98.346457,30.19685,18,120,35,18,120,35,1.4,18,120,35,0,0,0,0,0,0,0,0,0,0,0,0,0,0,408,5.4,782,27.37,2,798,27.9174,10,0,35.8974,17,41.999958,12,47.039953,'',NULL,NULL,NULL,NULL,NULL,NULL),(100002100084,1000021,100002100026,100002101,'2021-07-23','jute',300,195,195,5,2,50,20,40.944882,31.496063,18,120,170,18,120,35,1.5,18,120,35,18,120,35,1.5,18,120,35,0,0,0,0,0,0,0,720,8.64,300,17.25,2,306,17.595,10,0,20.655,6.5,21.997575,12,24.637284,'',NULL,NULL,NULL,NULL,NULL,NULL),(100002100085,1000021,100002100026,100002101,'2021-07-23','95*90*60',95,90,60,3,15,50,20,16.535433,89.370079,18,120,34,18,120,34,1.35,18,100,34,0,0,0,0,0,0,0,0,0,0,0,0,0,0,382,5.04,24.2,0.8228,1,24,0.831028,10,0,1.071028,15,1.231682,12,1.379484,'',NULL,NULL,NULL,NULL,NULL,NULL),(100002100086,1000021,100002100007,100002101,'2021-07-29','590*370*360',600,380,372,7,1,50,20,79.133858,30.393701,18,140,40,18,100,40,1.5,18,100,40,18,100,40,1.5,18,100,40,18,100,40,1.5,18,100,40,890,10.62,1381,55.24,3,1422,56.8972,10,0,71.1172,20,85.34064,12,95.581517,'',NULL,NULL,NULL,NULL,NULL,NULL),(100002300001,1000023,100002300001,100002301,'2020-08-22','CC Box Round 180',472,266,140,3,2,73,20,61,32.755906,18,140,32,18,120,32.5,1.44,18,120,32.5,0,0,0,0,0,0,0,0,0,0,0,0,0,0,432.8,5.76,279,9.0225,5,293,9.473625,6,0.2,11.431625,6,12.117522,12,13.571625,'',NULL,NULL,NULL,NULL,NULL,NULL),(100002300003,1000023,100002300001,100002301,'2020-08-27','Cc Box Flat',350,318,145,3,2,50,20,54.566929,37,18,120,32,18,100,33,1.43,18,100,33,0,0,0,0,0,0,0,0,0,0,0,0,0,0,363,4.86,236,7.71,5,248,8.0955,6,0,9.5835,5,10.062675,12,11.270196,'',NULL,NULL,NULL,NULL,NULL,NULL),(100002300004,1000023,100002300001,100002301,'2021-06-27','Tetra',365,260,125,3,2,50,20,51.5,32,18,120,35,18,120,35,1.43,18,120,35,0,0,0,0,0,0,0,0,0,0,0,0,0,0,411.6,5.4,219,7.665,5,230,8.04825,6,0,9.42825,8,10.18251,12,11.404411,'',NULL,NULL,NULL,NULL,NULL,NULL),(100002300005,1000023,100002300002,100002301,'2021-06-27','Meerganj',500,350,200,3,2,50,20,69.015748,45,18,140,38,18,140,38,1.43,18,140,38,0,0,0,0,0,0,0,0,0,0,0,0,0,0,480.2,6.3,481.5,18.297,8,521,19.76076,6,0.25,23.13676,10,25.450436,12,28.504488,'',NULL,NULL,NULL,NULL,NULL,NULL),(100002300006,1000023,100002300003,100002301,'2021-07-05','CC 3ply 2.5 KG',290,255,185,3,2,50,20,45,36,18,120,35,18,100,36,1.43,18,100,36,0,0,0,0,0,0,0,0,0,0,0,0,0,0,363,4.86,189.5,6.7595,5,199,7.097475,6,0,8.291475,10,9.120622,12,10.215097,'',NULL,NULL,NULL,NULL,NULL,NULL),(100002300007,1000023,100002300003,100002301,'2021-07-05','CC Box 3Ply 6KG',325,280,275,3,2,50,20,50,45,18,140,34.5,18,120,35,1.43,18,120,35,0,0,0,0,0,0,0,0,0,0,0,0,0,0,431.6,5.76,313,10.90425,5,329,11.449462,6,0,13.423462,10,14.765809,12,16.537706,'',NULL,NULL,NULL,NULL,NULL,NULL),(100002300008,1000023,100002300004,100002301,'2021-07-06','Apple Box',490,325,305,5,2,50,20,66.141732,50.393701,20,140,38,20,140,38,1.45,20,140,38,20,140,38,1.45,20,140,38,0,0,0,0,0,0,0,826,11.2,888.5,33.763,5,933,35.45115,6,0,41.04915,10,45.154065,12,50.572553,'',NULL,NULL,NULL,NULL,NULL,NULL),(100002400001,1000024,100002400001,100002401,'2020-08-22','Online B1',228,152,114,3,1,50,20,31.889764,11.259843,16,180,25,14,150,22,1.5,16,180,25,0,0,0,0,0,0,0,0,0,0,0,0,0,0,585,6.81,136,3.244,3,140,3.34132,9,0,4.60132,25,5.75165,12,6.441848,'',NULL,NULL,NULL,NULL,NULL,NULL),(100002800001,1000028,100002800001,100002801,'2020-08-22','New',1200,800,500,7,1,50,20,159.448819,51.968504,14,150,20,14,150,20,1.5,14,150,20,14,150,20,1.5,14,150,20,14,150,20,1.5,14,150,20,1275,11.55,6817,136.34,3,7022,140.4302,9,0,203.6282,20,244.35384,12,273.676301,'',NULL,NULL,NULL,NULL,NULL,NULL),(100002900001,1000029,100002900001,100002901,'2020-08-23','Laka',280,440,220,7,1,50,20,58.661417,26.771654,20,150,31,16,120,25,1.5,16,120,25,16,120,25,1,16,120,25,16,120,25,0,18,150,26,840,12.42,852,22.364,3,878,23.03492,9,1,31.93692,15,36.727458,12,41.134753,'',NULL,NULL,NULL,NULL,NULL,NULL),(100002900002,1000029,100002900001,100002901,'2020-08-23','Ds Final',457,305,152,3,1,737,889,29,35,18,150,23,16,100,21,1.5,16,100,21,0,0,0,0,0,0,0,0,0,0,0,0,0,0,400,5.1,261,5.677,3,269,5.84731,9,1,9.26831,15,10.658556,12,11.937583,'',NULL,NULL,NULL,NULL,NULL,NULL),(100002900003,1000029,100002900001,100002901,'2020-08-25','Pac',720,490,559,7,1,50,106,97.244094,45.472441,18,150,32.5,18,150,31.5,1.5,18,150,31.5,18,150,31.5,1.5,18,150,31.5,18,150,31.5,1.5,18,150,31.5,1275,14.85,3638,115.025,3,3747,118.47575,9,0,152.19875,15,175.028562,12,196.03199,'',NULL,NULL,NULL,NULL,NULL,NULL),(100002900004,1000029,100002900001,100002901,'2020-09-13','Electronica',350,170,150,7,1,50,20,42.913386,13.385827,24,180,29,24,180,29,1.5,24,180,29,24,180,29,1.5,24,180,29,24,180,29,1.5,24,180,29,1530,23.76,568,16.472,3,585,16.96616,9,0,22.23116,15,25.565834,12,28.633734,'',NULL,NULL,NULL,NULL,NULL,NULL),(100002900005,1000029,100002900001,100002901,'2020-09-19','Electronics ',360,220,150,7,2,50,20,47.637795,29.92126,18,150,33,16,120,30,1.5,16,120,30,16,120,30,1.5,16,120,30,16,120,30,1.5,18,150,33,1080,12.12,497,15.324,3,512,15.78372,9,0,20.39172,15,23.450478,12,26.264535,'',NULL,NULL,NULL,NULL,NULL,NULL),(100002900006,1000029,100002900001,100002901,'2020-10-06','Bafna 2',250,240,175,3,1,50,20,40.551181,17.125984,24,150,29,24,150,29,1.5,24,150,29,0,0,0,0,0,0,0,0,0,0,0,0,0,0,525,9,235,6.815,3,242,7.01945,9,2,11.19745,15,12.877067,12,14.422316,'',NULL,NULL,NULL,NULL,NULL,NULL),(100002900007,1000029,100002900002,100002901,'2020-10-21','Limbu Ps',325,320,350,7,1,50,20,52.755906,27.165354,24,180,29,24,180,29,0.5,24,180,29,24,180,29,0.5,24,180,29,24,180,29,0.5,24,180,29,990,23.76,913,26.477,3,940,27.27131,9,1.5,37.23131,15,42.816007,12,47.953927,'',NULL,NULL,NULL,NULL,NULL,NULL),(100002900008,1000029,100002900002,100002901,'2020-10-26','Ps24bf',325,320,350,7,1,50,20,52.755906,27.165354,24,180,29,24,180,29,0.5,24,180,29,24,180,29,0.5,24,180,29,24,180,29,0.5,24,180,29,990,23.76,913,26.477,3,940,27.27131,9,3,38.73131,15,44.541007,12,49.885927,'',NULL,NULL,NULL,NULL,NULL,NULL),(100003400001,1000034,100003400001,100003401,'2020-08-22','Oil',250,250,250,5,2,50,20,41.338583,40.15748,14,200,49,14,100,23,1.5,14,100,23,14,100,23,1.5,14,100,23,0,0,0,0,0,0,0,700,7,375,11.407,3,386,11.74921,9,0.5,15.72321,30,20.440173,12,22.892994,'',NULL,NULL,NULL,NULL,NULL,NULL),(100003800001,1000038,100003800001,100003801,'2020-08-23','K Patel',600,400,400,5,1,50,20,80.708661,32.283465,22,180,28,18,140,26,1.5,18,140,26,18,140,26,1.5,18,140,26,0,0,0,0,0,0,0,880,11.52,1479,39.06,3,1523,40.2318,9,0,53.9388,15,62.02962,12,69.473174,'',NULL,NULL,NULL,NULL,NULL,NULL),(100003800002,1000038,100003800001,100003801,'2020-08-23','K Patel',240,240,325,7,2,50,20,39.76378,45.275591,28,180,32,18,140,26,1.5,18,140,26,18,140,26,1.5,18,140,26,18,140,26,1.5,18,140,26,1230,16.38,715,19.217,3,736,19.79351,9,0,26.41751,15,30.380136,12,34.025753,'',NULL,NULL,NULL,NULL,NULL,NULL),(100003800003,1000038,100003800002,100003801,'2020-08-23','Alfa_90 ML',580,480,480,3,1,50,20,43.75,38.582677,16,120,26,16,120,26,1.4,16,120,26,0,0,0,0,0,0,0,0,0,0,0,0,0,0,408,4.8,445,11.57,3,458,11.9171,9,0,16.0391,15,18.444965,12,20.658361,'',NULL,NULL,NULL,NULL,NULL,NULL),(100003800004,1000038,100003800004,100003801,'2020-08-25','Koncept',1175,255,140,5,2,50,20,114.566929,31.889764,22,180,30,18,140,26,1.4,18,140,26,18,140,26,1.4,18,140,26,0,0,0,0,0,0,0,852,11.52,1004,26.952,3,1034,27.76056,8,0,36.03256,15,41.437444,12,46.409937,'',NULL,NULL,NULL,NULL,NULL,NULL),(100003800005,1000038,100003800005,100003801,'2020-08-25','Vision',490,360,300,5,1,50,20,68.897638,26.771654,28,180,30,16,120,26,1.4,16,120,26,16,120,26,1.4,16,120,26,0,0,0,0,0,0,0,756,10.8,900,24.256,3,927,24.98368,9,0.8,34.12668,15,39.245682,12,43.955164,'',NULL,NULL,NULL,NULL,NULL,NULL),(100003800006,1000038,100003800006,100003801,'2020-08-25','N T I  =450 ML',580,260,455,5,1,50,20,68.110236,28.937008,22,180,30,16,120,26,1.4,16,120,26,16,120,26,1.4,16,120,26,0,0,0,0,0,0,0,756,9.72,963,25.954,3,992,26.73262,8,0,34.66862,15,39.868913,12,44.653183,'',NULL,NULL,NULL,NULL,NULL,NULL),(100003800007,1000038,100003800003,100003801,'2020-08-26','Goldmedal OUTER',1185,380,185,3,2,1619,20,63.75,45.275591,22,180,30,18,140,26,1.4,18,140,26,0,0,0,0,0,0,0,0,0,0,0,0,0,0,516,7.74,480.5,13.163,3,495,13.55789,8,0.8,18.31789,15,21.065574,12,23.593442,'',NULL,NULL,NULL,NULL,NULL,NULL),(100003800008,1000038,100003800007,100003801,'2020-08-26','Goldmedal INNER',1165,175,165,5,4,50,20,54.5,55,20,150,30,18,120,26,1.4,18,120,26,18,120,26,1.4,18,120,26,0,0,0,0,0,0,0,726,9.48,351,9.416,3,362,9.69848,9,0,12.95648,15,14.899952,12,16.687946,'',NULL,NULL,NULL,NULL,NULL,NULL),(100003800009,1000038,100003800008,100003801,'2020-08-27','Alpha',600,500,500,3,1,50,20,88.582677,40.15748,16,120,26,16,120,26,1.3,16,120,26,0,0,0,0,0,0,0,0,0,0,0,0,0,0,396,4.8,908,23.608,3,935,24.31624,8,0,31.79624,15,36.565676,12,40.953557,'',NULL,NULL,NULL,NULL,NULL,NULL),(100003800010,1000038,100003800009,100003801,'2020-08-27','Duplex Box',520,470,465,5,1,50,20,79.92126,37.598425,14,230,38,16,120,26,1.4,16,120,26,16,120,26,1.4,16,120,26,0,0,0,0,0,0,0,806,8.98,1564,46.016,3,1611,47.39648,11,0,65.11748,15,74.885102,12,83.871314,'',NULL,NULL,NULL,NULL,NULL,NULL),(100003800011,1000038,100003800006,100003801,'2020-09-02','N T I =750- ML',575,285,435,5,1,50,20,69.685039,29.133858,22,180,30,16,120,26,1.4,16,120,26,16,120,26,1.4,16,120,26,0,0,0,0,0,0,0,756,9.72,990,26.684,3,1020,27.48452,9,0,36.66452,15,42.164198,12,47.223902,'',NULL,NULL,NULL,NULL,NULL,NULL);
/*!40000 ALTER TABLE `estimatedetails` ENABLE KEYS */;
UNLOCK TABLES;

--
-- Table structure for table `plydetails`
--

DROP TABLE IF EXISTS `plydetails`;
/*!40101 SET @saved_cs_client     = @@character_set_client */;
/*!50503 SET character_set_client = utf8 */;
CREATE TABLE `plydetails` (
  `PlyID` bigint NOT NULL,
  `BusinessID` bigint NOT NULL,
  `BoxID` bigint NOT NULL,
  `PlyNo` bigint NOT NULL,
  `PlyName` varchar(50) CHARACTER SET utf8 COLLATE utf8_general_ci NOT NULL,
  `BurstingFactor` double NOT NULL,
  `GSM` double NOT NULL,
  `Rate` double NOT NULL,
  `FluteFactor` double NOT NULL,
  `Weight` double NOT NULL,
  `Cost` double NOT NULL,
  `BurstingStrength` double NOT NULL,
  PRIMARY KEY (`PlyID`)
) ENGINE=InnoDB DEFAULT CHARSET=utf8 COLLATE=utf8_general_ci;
/*!40101 SET character_set_client = @saved_cs_client */;

--
-- Dumping data for table `plydetails`
--

LOCK TABLES `plydetails` WRITE;
/*!40000 ALTER TABLE `plydetails` DISABLE KEYS */;
/*!40000 ALTER TABLE `plydetails` ENABLE KEYS */;
UNLOCK TABLES;

--
-- Table structure for table `subscriptiondetails`
--

DROP TABLE IF EXISTS `subscriptiondetails`;
/*!40101 SET @saved_cs_client     = @@character_set_client */;
/*!50503 SET character_set_client = utf8 */;
CREATE TABLE `subscriptiondetails` (
  `SubscriptionID` bigint NOT NULL,
  `Subscription` varchar(50) CHARACTER SET utf8 COLLATE utf8_general_ci NOT NULL,
  `Duration` int NOT NULL,
  `Amount` double NOT NULL,
  `Status` varchar(10) CHARACTER SET utf8 COLLATE utf8_general_ci DEFAULT NULL,
  PRIMARY KEY (`SubscriptionID`)
) ENGINE=InnoDB DEFAULT CHARSET=utf8 COLLATE=utf8_general_ci;
/*!40101 SET character_set_client = @saved_cs_client */;

--
-- Dumping data for table `subscriptiondetails`
--

LOCK TABLES `subscriptiondetails` WRITE;
/*!40000 ALTER TABLE `subscriptiondetails` DISABLE KEYS */;
INSERT INTO `subscriptiondetails` VALUES (1,'Monthly',30,149,'0'),(2,'Yearly Single User',365,999,'0'),(3,'Yearly Multi User',365,1799,'1');
/*!40000 ALTER TABLE `subscriptiondetails` ENABLE KEYS */;
UNLOCK TABLES;

--
-- Table structure for table `transactiondetails`
--

DROP TABLE IF EXISTS `transactiondetails`;
/*!40101 SET @saved_cs_client     = @@character_set_client */;
/*!50503 SET character_set_client = utf8 */;
CREATE TABLE `transactiondetails` (
  `TransactionID` bigint NOT NULL,
  `BusinessID` bigint NOT NULL,
  `TransactionDate` date NOT NULL,
  `Duration` int NOT NULL,
  `Amount` double NOT NULL,
  `Perticulars` varchar(500) CHARACTER SET utf8 COLLATE utf8_general_ci DEFAULT NULL,
  `Status` varchar(500) CHARACTER SET utf8 COLLATE utf8_general_ci DEFAULT NULL,
  PRIMARY KEY (`TransactionID`)
) ENGINE=InnoDB DEFAULT CHARSET=utf8 COLLATE=utf8_general_ci;
/*!40101 SET character_set_client = @saved_cs_client */;

--
-- Dumping data for table `transactiondetails`
--

LOCK TABLES `transactiondetails` WRITE;
/*!40000 ALTER TABLE `transactiondetails` DISABLE KEYS */;
INSERT INTO `transactiondetails` VALUES (1,1001,'2020-07-18',30,123,'faj  dasfj adfjal','Subscription Updated Till 18 Nov 2021'),(2,1001,'2020-07-29',30,99,'Free','Subscription Updated Till 04 Sep 2020'),(3,1000002,'2020-08-04',30,99,'RS. 99 Paid by QR','Subscription Updated Till 07 Sep 2020'),(4,1000002,'2020-08-04',365,1799,'Multi','Subscription Updated Till 09 Aug 2021'),(7,1000002,'2020-08-10',365,1799,'','Subscription Updated Till 09 Aug 2021'),(8,1000021,'2020-08-27',365,999,'Old customer, free for 1 year.','Subscription Updated Till 29 Aug 2021'),(10,1000018,'2020-08-30',365,999,'New customer for single user 1 year','Subscription Updated Till 29 Aug 2021'),(11,1000021,'2020-08-30',365,1799,'Free updated to Multiuser','Subscription Updated Till 29 Aug 2022'),(12,1000029,'2020-08-30',30,149,'New Customer for 1 month Subscription','Subscription Updated Till 28 Sep 2020'),(14,1000014,'2020-08-30',365,999,'Free for old client.','Subscription Updated Till 29 Aug 2021'),(15,1000009,'2020-09-01',365,999,'Free for old client','Subscription Updated Till 29 Aug 2021'),(16,1000038,'2020-09-02',30,149,'','Subscription Updated Till 28 Sep 2020'),(20,1000016,'2020-09-06',365,999,'Free','Subscription Updated Till 29 Aug 2021'),(30,1000002,'2020-09-22',365,1799,'demo','Subscription Updated Till 31 Dec 2021'),(36,1000038,'2020-10-04',30,149,'','Subscription Updated Till 01 Nov 2020'),(37,1000029,'2020-10-05',30,149,'1 Month Subscription','Subscription Updated Till 30 Oct 2020'),(261,1000023,'2021-06-26',30,149,'','Subscription Updated Till 26 Jul 2021'),(344,1000018,'2021-09-05',365,999,'','Subscription Updated Till 06 Sep 2022'),(362,1000009,'2021-09-23',30,149,'','Subscription Updated Till 24 Oct 2021'),(479,1000002,'2021-12-22',365,999,'Free','Subscription Updated Till 22 Dec 2022'),(480,1000002,'2021-12-22',365,1799,'Free','Subscription Updated Till 22 Dec 2023'),(800,1000018,'2022-10-24',365,999,'599/- Diwali Offer ','Subscription Updated Till 25 Oct 2023'),(1058,1000002,'2023-08-22',30,149,'','Subscription Updated Till 21 Sep 2023');
/*!40000 ALTER TABLE `transactiondetails` ENABLE KEYS */;
UNLOCK TABLES;

--
-- Table structure for table `userdetails`
--

DROP TABLE IF EXISTS `userdetails`;
/*!40101 SET @saved_cs_client     = @@character_set_client */;
/*!50503 SET character_set_client = utf8 */;
CREATE TABLE `userdetails` (
  `UserID` bigint NOT NULL,
  `BusinessID` bigint NOT NULL,
  `UserPassword` varchar(500) CHARACTER SET utf8 COLLATE utf8_general_ci NOT NULL,
  `UserName` varchar(50) CHARACTER SET utf8 COLLATE utf8_general_ci NOT NULL,
  `MobileNo` varchar(10) CHARACTER SET utf8 COLLATE utf8_general_ci NOT NULL,
  `UserRole` varchar(50) CHARACTER SET utf8 COLLATE utf8_general_ci NOT NULL,
  `UserAccess` int NOT NULL,
  `AndroidID` varchar(100) CHARACTER SET utf8 COLLATE utf8_general_ci DEFAULT NULL,
  `DeviceInfo` varchar(500) CHARACTER SET utf8 COLLATE utf8_general_ci DEFAULT NULL,
  `Status` varchar(10) CHARACTER SET utf8 COLLATE utf8_general_ci DEFAULT NULL,
  PRIMARY KEY (`UserID`)
) ENGINE=InnoDB DEFAULT CHARSET=utf8 COLLATE=utf8_general_ci;
/*!40101 SET character_set_client = @saved_cs_client */;

--
-- Dumping data for table `userdetails`
--

LOCK TABLES `userdetails` WRITE;
/*!40000 ALTER TABLE `userdetails` DISABLE KEYS */;
INSERT INTO `userdetails` VALUES (100000201,1000002,'6i8OZLdnNcAnpAybXqvgzJzzP3MIGJkcQuCWqngH/AM=','Admin','9421013332','Admin',2,'7b1627de9a1a0734','Xiaomi Redmi Note 8 Pro','Active'),(100000210,1000002,'5AdNj1+K4WaNMkzf6jAKr/cXcfPpiKX/8pL+Hy8bOTA=','A','9403741418','User',2,'NewUser','NewUser','Active'),(100000801,1000008,'jCSiPi8s3i/nhCBXn5nEOexJ2JPJUO4rOyi9hZ43rP4=','New popular box factory','1644350661','Admin',2,'b8a19cd9e1b9efcb','HUAWEI ANE-LX1','Active'),(100000901,1000009,'nE6tLxqgzlvpX6RoXGL00fEURWDYRzJlbHwQ/iX+kEw=','U.A.K  Box packaging ','9399639215','Admin',1,'0e986eb7cf01d332','Vivo 1818','Active'),(100001001,1000010,'CIaTRInwpHB7QkNWbtaccWWVlg6jMUKOOX7wL6F+6Pc=','box','9079835334','Admin',1,'8f4a0026ad7d3c5e','OnePlus GM1901','Active'),(100001101,1000011,'HsaFVIUDvptCbRS3jhmaPIa9w/VL+1n2kYi7eK54EDg=','Sukh Santosh Packs','9595185111','Admin',1,'b157672a8f9898e4','OPPO CPH1969','Active'),(100001201,1000012,'Js88Aj3jgy9rg9FURHSeCHV8xQ6edE4Lc0iHPd5JT9k=','VSquare Packaging','7875304455','Admin',1,'637782caa603c6b5','Xiaomi Redmi Note 4','Active'),(100001301,1000013,'pYjzO7I6o+Yg6rebzz6kRP8gRkmoPBMI51KOgY/28aw=','BHAGWATI PACKAGING','7778970049','Admin',1,'b96a6141cf008f83','OPPO CPH1937','Active'),(100001401,1000014,'iWL1+CH6vd+C/5sBNshgzocW0RUlmKsrdRbOsTSPf0o=','Delta packaging solutions ','9148218445','Admin',1,'ad1b7f9fa4193a40','Samsung SM-A515F','Active'),(100001501,1000015,'pc5u3aS1Bf8CVNKtPBi6duMGGxEbi1KdqZ07Jlr9Vfg=','Printshop','9872628972','Admin',2,'f8a7391065523f82','Xiaomi Redmi Note 5 Pro','Active'),(100001601,1000016,'vsHvkAPur6517a4T1O9XNnksQjtkB8oPwVGV19iuaPM=','Sai packaging','9421239596','Admin',1,'9f56fb262ccc8ca7','Vivo 1933','Active'),(100001701,1000017,'AqNDEG6FmHtrcj0zyW0XfTlXra9LVytFknUVffKsMhg=','krishna enterprises','6397507062','Admin',1,'59470f85b84aea9b','Xiaomi Redmi Note 5 Pro','Active'),(100001801,1000018,'wD9M9TISvxQm9KDOz6830e4jmH61uDbjQQXISRrAQtg=','MAA SYAMALAI INDUSTRIES','9658816446','Admin',2,'fcedc6e5081dd11d','OPPO CPH1823','Active'),(100001901,1000019,'Z0TN54/n9AotWKk35wyVWmVoqYsjimQ20TWAyp8vIVU=','Tushant packging ','7972820675','Admin',1,'86f83f397033f64f','Samsung SM-A515F','Active'),(100002001,1000020,'JwkBEhlzJwGidcTVEFuT4O95SjjpFuF3zzFHYiHJcY0=','Shree Krishna Packaging','8802991252','Admin',1,'8fb6425cbf380846','Asus ASUS_X01BDA','Active'),(100002101,1000021,'QtdhQGLjIha9iMR5UtLYMC37IYB6Fmrc//pp+8rcfBM=','Daksh Enterprises','7055302001','Admin',1,'55cbb38015853e2b','Vivo 1819','Active'),(100002102,1000021,'zziQ3Uzleyw1QOKrjcnICZzbsGavf634/IoAnzOue0Q=','Vinay ','9639422777','User',1,'224d893db87154e6','Samsung SM-A305F','Active'),(100002103,1000021,'TKXq2g0BVw4uf8+Q/pnV8LJgXn2owE/QyFoq7Agjs/U=','Amit','9927066957','User',1,'65627c61e9cfb82f','OPPO CPH1727','Active'),(100002201,1000022,'qHOb/N/anXmQ9zABw70fR9inhKlJsd43wNsDKkK4XeE=','Ak packaging','9099303733','Admin',1,'28e1af28e6cfcb6a','OnePlus GM1911','Active'),(100002301,1000023,'ZxUrfsTSVFUkmRKkMyxbtNehUOIuVn6Et0mXdcCxR9c=','SJ PACKAGING CO.','9837961682','Admin',1,'fb73db0c8955a0a6','Xiaomi Redmi Note 7 Pro','Active'),(100002401,1000024,'McqWvqUqdC8X0cq2PBcHcJbU5Nit9HCtKtgooJ0tQJo=','SA Packaging','9033807808','Admin',1,'fca9fd75b4263ef9','Samsung SM-G955F','Active'),(100002501,1000025,'3SvvICLtLM4PazEHXAuRENHJln8YqDozjbKkTZhjVDw=','pranav corrugation pvt ltd ','9766234567','Admin',2,'e83a6a0214600136','Samsung SM-C900F','Active'),(100002601,1000026,'vBZL1rpmFKPtTc2ouU+nlTmzZO639UEZjIxtomnNAxg=','Er.Majid Anwar','9690436039','Admin',1,'1b1525fa41bbb1cf','OPPO CPH1933','Active'),(100002701,1000027,'nV4j83rrWCMqff9tK8MSJIUBpmXvmysH1z/KahC6Gsc=','Govind Package','8595728466','Admin',2,'801adad8be471475','Xiaomi MI MAX 2','Active'),(100002801,1000028,'AiMA4wXjpjm4v8onpgsoUYBHqHuPGUMccrp7Lr/2vEM=','Om sai pack tech','9890415421','Admin',1,'03fd0357a88f9c6d','Asus ASUS_X01BDA','Active'),(100002901,1000029,'tVJcmIB8YtWDHpy/Jl0msaQFX//SBSq96a1ibPE1M00=','p-cube packaging','9766114333','Admin',1,'d08b8542a6585ca0','Xiaomi Redmi Note 7S','Active'),(100003001,1000030,'X4m/8LDdVYGBCYa+Lrn2ZAkLCtMCTcWx0w/7svECl3U=','Print Link','9929288999','Admin',1,'a8f40937bf5aa81a','Motorola one power','Active'),(100003101,1000031,'kDotGlRLZOpdpxbRXolV2sYqYlKjAPNDPlwU2nTFStw=','GAMAL','6568535851','Admin',2,'e5ccc7dbf8c41e6e','OPPO CPH1823','Active'),(100003201,1000032,'oz2g9D42HHx/MldwmAxwOF4FTCo2kcFX9xJSU/2FN1Y=','vimal garg','9215753888','Admin',2,'153d8cb87312540b','Vivo 1804','Active'),(100003301,1000033,'loQyAKrrgg2SAP46X9LugmPkA5GwC3japGzX2cHPBGk=','panchtrayi group of industries','9325242303','Admin',1,'44cafb8a8a03b0ef','Vivo 1904','Active'),(100003401,1000034,'9P4QKe6QTIZac5nwBTWlHTLs57a+ceJf6Wnmw5rV9v4=','shrinivas','6360421621','Admin',2,'0a8792089f497e22','Xiaomi Redmi K20','Active'),(100003501,1000035,'yt/u6yeRbpqw/9mr5Ap59pmrsdPrO2joYEG3/tuR0mw=','sallo','9874840010','Admin',2,'1a341a72148c4198','Infinix X603','Active'),(100003601,1000036,'BiX7bLwjyyCg0e3Cy00ae1oz45l1rwwtefUjazhS7vs=','Pramag','9376905907','Admin',1,'d5be3963c2187f69','Xiaomi Redmi Note 4','Active'),(100003701,1000037,'bkIEoKrxMaV3m0diUNlFDXbTtWVUPQV1bNI7K+jHYI0=','Sheik Ibrahim','9742094250','Admin',2,'31030324ef9e4012','Xiaomi Redmi Note 5 Pro','Active'),(100003801,1000038,'XSBgU6SNnsj9cmx/cW7zo/Uc2NUgqd76xfJx5c/l2/0=','yash paper','8469122254','Admin',1,'7947a9ba4d37ef02','Xiaomi Redmi Note 8','Active'),(100003901,1000039,'PisAPSFVfblacTl/Da7g8x++wNbTSrTVyxfPuRrXdaw=','Polynova Packers','9904646572','Admin',1,'1a976679209f04e7','Samsung SM-G610F','Active'),(100004001,1000040,'ZUWJcJIjgKN9yvCW/Fuqs3h9ScXOUryg9LtqETpH1BE=','Dhayapacks','7010389665','Admin',1,'940aebc8ae1d1300','Samsung SM-A225F','Active'),(100004101,1000041,'TFhHi+GgUeC6W9CqMw4hDwZZQJOix+AvxvgcepG8cxg=','mjs cartons','7708106820','Admin',2,'7feea5d348e71b2d','LENOVO Lenovo K8 Plus','Active'),(100004301,1000043,'fzkNWwNjvQIi0dP7dJSbGbHvLAcnigvBAsTUBx0sjKI=','Aarohi packaging','9096142681','Admin',2,'a334d57e7073c6c8','Xiaomi Redmi Note 7S','Active'),(100004401,1000044,'2u+6550DTlQfdvf99R8ST6WVTZbbywzhqfGvUniLdA8=','R ','9302527423','Admin',2,'291f846192f585e0','Samsung SM-A305F','Active'),(100004501,1000045,'IP0nQCP/mvOfVxWibPu+7rsrK7CMR5qRK65iOyfZ4zY=','ADESH PACKAGING ','8275885763','Admin',1,'00fad240297bd57b','Samsung SM-A307FN','Active'),(100004601,1000046,'HT9Ju6UOgU6wqXANDh97IkcYsN3uCw1E+U+qMxJRRhQ=','yash kamal','9687705877','Admin',2,'ae86c7fafed97e7a','Samsung SM-A305F','Active'),(100004701,1000047,'2B9elZFGgm650px1ZEipG6hdBGP/QfsDn5lugkjcqvk=','corrugated box','8296567306','Admin',1,'5ccc3c9d49e93fe6','Vivo 1951','Active'),(100004801,1000048,'YF2goG77UW8jxT4WWTC2LUmbjdU7MYBW5Jjqz1lFj4s=','tanweer packaging','7903810710','Admin',2,'3b0f8953e854af2b','Vivo 1917','Active'),(100005001,1000050,'RBzyqldoEkCLXEiTzygx5rpJc99KfGsEXrmmSiNcYRc=','SKEW','9974671437','Admin',1,'968a3136bb6b49ea','LGE LG-H870DS','Active'),(100005101,1000051,'NYTaVZ8aorSBc7dIWjTAjKXxskNFxhGWXPMNC7Tzn9w=','Mahamaya Udyog','9373242124','Admin',1,'4aa919532ff4fd18','Vivo 1951','Active'),(100005201,1000052,'Uslvgb3w+fFvpkJEutuqlEn8nTKv/sPkuI2kCVgEoM4=','corogeted Box manufacturing ','9075701229','Admin',1,'e50b5880a372f983','Vivo 1907','Active'),(100005301,1000053,'28XKII2CIE4pCiJoWpWn4XE5cS8eRE+ezUDCOpnM318=','Siddharth Rajput','9999349689','Admin',2,'e32cea2bb78668d4','OnePlus HD1901','Active'),(100005401,1000054,'1gw2gmi/6vPoOcx9kGHUpO/vb/muL9TFKSy0JsX1wVs=','HETIX PACKAGING ','7016270177','Admin',2,'db739a0733594db2','Samsung SM-M205F','Active'),(100005501,1000055,'Ub6wOZK34n3PKz3wSSM914Wd+Wzl2S+mhQj+BY+5wYM=','Vinay Packaging Industries.','9925744898','Admin',1,'588728efbc7dd07d','OPPO CPH1859','Active'),(100005601,1000056,'wvrbjnbFQldryj31+Pf2qRB/XlhSKGMWNZF6NzTBJPI=','All packaging','1218316188','Admin',2,'aa8263b88d193b88','Realme RMX1821','Active'),(100005701,1000057,'BsAxJ4iVjRWiMNKX7ZjmmAREFKYz4cSMOjIflx8SRFY=','Balaji Sales','9820265640','Admin',2,'9cd8ab6b7f15e4e6','OnePlus ONEPLUS A6010','Active'),(100005801,1000058,'EGlBHIza1vDu/NDI+tyeLUuWejR+L87PbVYGzJ0Sqy8=','choudhari enterprises','9657147474','Admin',2,'e1d629f33c153fcb','LGE LM-G710','Active'),(100005901,1000059,'1Ry9nyywAf33x+IalqVTdq+GrK26wlioLMRsyoIJ4e0=','Richmond Armah Oku','3246550642','Admin',2,'4f82fe305296c4f3','Samsung SM-A105F','Active'),(100006001,1000060,'7RllAOuXVtteS3r4ztV7pv015kB/4+jeIfyoeNbzj+4=','Shivay Packaging pvt. ltd.','9111612215','Admin',1,'2543542b8a4e2fc6','Motorola moto x4','Active'),(100006101,1000061,'IcCmGz7xp1EMT1k5f7cjAhhfNHUmKt/N1ohhD/RfPZw=','Nila paper products','6282470533','Admin',2,'e525f6bc8f97af43','Xiaomi Redmi Note 7 Pro','Active'),(100006201,1000062,'d4fwE8ZPcZEK8qHKoy+t8X2oom8nnywEOQ1fLZ+nNms=','Narnarayan Trading co ','9898597964','Admin',2,'b6d4596484897376','Samsung SM-A750F','Active'),(100006301,1000063,'OmUW+ZfhHYst8gBWENpagl8GhpPlD33KUcQrc8GdvTE=','Global packaging ','8886924222','Admin',1,'0b115fd3d6eb093a','Samsung SM-M315F','Active'),(100006401,1000064,'AGlxBmA2cuadSlmZMNFhq+sXExr/YNtrBDHNZA5gIZ4=','samrudh packaging','9011002003','Admin',2,'41e35f105ccd7d60','Samsung SM-A217F','Active'),(100006501,1000065,'fBTGE7WkIhXrkvwhaod4HtrGccQYcb1NZ5fBpdIL/tY=','ahmed packages ','3212211001','Admin',1,'ef928e2dd3c1861d','Samsung SM-G965F','Active'),(100006601,1000066,'vLBmcyh/NNEQnuDD/Fcj/efGgss/7grOa7ygASbtZU0=','asha printery ','9820059186','Admin',1,'89c186504c441c45','Samsung SM-M215F','Active'),(100006701,1000067,'cBnigDsZSnLla3+kUfPZfmNl3LcklSPoH+9UtQfy/gs=','Vimal packaging','9962525555','Admin',2,'596c256ff73cd1ab','OnePlus ONEPLUS A5010','Active'),(100006801,1000068,'8OKBeHEk+x9Bgdqr6dSsMxiOQ0MHIpmAYpbnKD9HiTo=','home','9225115392','Admin',2,'1009026107f29f3c','Xiaomi Redmi Note 9 Pro Max','Active'),(100006901,1000069,'Qn5frxDaVCMfkTcONfraZ3uBvw00K9eGdehnbyRuOgc=','sodal industries pvt. ltd.','9717173693','Admin',1,'3ec966bdc1aa22a1','Samsung SM-M307F','Active'),(100007001,1000070,'AmujU2rJVHYXgypY3ESZ1EXPFgrHha/YB+i2ELGY8Bo=','SHREE BHAGWATI PACKAGING','8511057275','Admin',1,'dd8fb837e40cfc36','OPPO CPH1909','Active'),(100007101,1000071,'zzLQzlfeHpVlFR5SkBWjq7V6RQHzpNLPOCtiTX/fq7A=','Velox Industries ','9322999444','Admin',1,'c5099b866ac53617','Samsung SM-G935F','Active'),(100007201,1000072,'6RkzU8TXdYZyVG30VW+Y0H6M2BEXGHTvxKpD/UBSyRs=','APK PACKS ','9790062200','Admin',2,'d7a08cb546c5e4fd','Samsung SM-G975F','Active'),(100007301,1000073,'iejxmtBBODs+1b2fW6GUqn9Q91E/fiqQItL/bsMhyPU=','Shri Parsad Pro Pack ','9785567705','Admin',1,'2d6c5eaede747299','OPPO CPH1819','Active'),(100007401,1000074,'1PxxK5DXHjncB/4EHA/sps2VfAi/LdW+t7pb+hznx1E=','Tanvir printing and packaging ind','1866990720','Admin',1,'f5175d028dd2f026','OnePlus ONEPLUS A6010','Active'),(100007501,1000075,'mcjBXn32x9jwSjZM3KPHqrwk3xNOOE5MOzB55G2k19M=','yash enterprises','7875197070','Admin',2,'3a3eb6c3a580b515','Samsung SM-A505F','Active'),(100007601,1000076,'VE46a73SDWXGQ1LsosaJ1G7keRqagczr2qc6S4EwGQA=','jaygiri print and pack','9324742346','Admin',2,'84ac8d51392ea042','Vivo 1819','Active'),(100007701,1000077,'dGMFuefykf/2Bv168/GMWeo0C303zrLdSfzXrP61m4c=','shre swmi samhrta packaging ','9028769478','Admin',1,'b070b8da8409d30c','Samsung SM-G950F','Active'),(100007801,1000078,'KEol5qrT6bem46J40vnOq7rJCrgPhfO3TqZFTo1gUa4=','asma enterprise','8074275306','Admin',2,'bc0493712ac179fd','Xiaomi Redmi 6 Pro','Active'),(100007901,1000079,'XzuZr0MUCX6c9hTqwsBgBoEl9s2Bz941yaFUrQTYWr4=','Jai hanuman packaging industry ','9158509055','Admin',1,'3b5ef3c908d60943','Vivo 1723','Active'),(100008001,1000080,'rnYWW5VDVvXOrYUWUexvErJair/KF2wY9QkfRvi0h+8=','Do that','3244933166','Admin',1,'b0e882112cb48c5c','TECNO MOBILE LIMITED TECNO CD7','Active'),(100008101,1000081,'Y4UClFQ3Imb9GS71QXL+wtNkfG1BxVBfKMHoIAWglpM=','Sailendra Chaudhary','9123346287','Admin',2,'361e9fcf8e7623cb','Realme RMX1921','Active'),(100008201,1000082,'LVoaa2ALGhRjt3a/jGjKCAuiaYCExN7IBvfk389NIXc=','uttranchal packaging','9837303834','Admin',2,'7a51f73c3432034e','OPPO CPH1723','Active'),(100008401,1000084,'TARBu7/aZQyR5FCrMYwcyOb//KmF1NozHGAoSM2qZ+I=','Vqure packaging pvt ltd ','9356350025','Admin',2,'bc0040370d872d62','OPPO CPH1717','Active'),(100008501,1000085,'2NzFIR5KinIMA5Ll4mOHTxemwxRTIwwq8018lXJxgrc=','New','9767538100','Admin',1,'7ed4181260272b72','Samsung SM-A707F','Active'),(100008601,1000086,'+z/CZv44LW7heZ1oo2+JVX7lcFicFsPbOw2Epk9Hy28=','Mak Enterprises','9819025350','Admin',2,'cb3e13f1236ca0d4','OnePlus ONEPLUS A6010','Active'),(100008701,1000087,'3U2BJDxe8h66WDn3zpLXxdPlGaxiUmmmk5njucuILRY=','JS BOX','9971598989','Admin',1,'1e96189c8beeea6c','Xiaomi Redmi Note 8 Pro','Active'),(100008801,1000088,'z0S60JYmXmZ7E78VncbV6mre4C2OoWACsqT67/hsUE4=','Jyoti Packers','9910444033','Admin',2,'eef981ea701f3e57','Google Pixel 2 XL','Active'),(100008901,1000089,'3hiqfQfqwCY7wSSiVV/DL5WZWW8aELrFEQsozWRO4HA=','balaji packaging','9879177032','Admin',2,'729faf725d89650b','OnePlus IN2021','Active'),(100009001,1000090,'k+EyrZVa+e+4ae6mT0+AKBBvymjVjDDlTCJ7xcoV3Bw=','fine packwell','9465975081','Admin',1,'0485950ef24b77ff','Realme RMX1921','Active'),(100009101,1000091,'vXCz+d7BFvkpu7DfdT1m+/bKsQU4hVSpJbuw2IlJCCE=','mayank','9852400040','Admin',2,'aeb531a86c2723e0','Samsung SM-G950F','Active'),(100009201,1000092,'2HPLq4oQlRmbicFpG2JBDhYbfhYqmY65v2De1XUMrTE=','Ambika papers','7569306630','Admin',2,'b8ed423a9775bd81','Vivo 1611','Active'),(100009301,1000093,'b7w+UZC/EfeXMOkar2rifoejSo9XZDynhDO0NsJNMNM=','kankriya associate','9687733682','Admin',2,'b78f1eb67d5271cd','INFINIX MOBILITY LIMITED Infinix X627V','Active'),(100009401,1000094,'UYHHSX+1dqA4kHys+r7ZisRuQhEK+pSUca4iN+KEEqU=','JAIN PACKWELL INDUSTRIES ','9803020065','Admin',2,'f2ba2edc556be993','Samsung SM-G975F','Active'),(100009501,1000095,'LfIzZnLY/uxMtbdee+S1vo3MekH0785KoUasmuWr87E=','kaalu','9910955552','Admin',2,'3758af4c38023b01','Samsung SM-N770F','Active'),(100009601,1000096,'RXNjNZnYK3RpreKhxwGkvF0+jMmeaiFyd2KJ1F9rhm0=','M.M BOX FACTORY ','7009432404','Admin',2,'1b019656ca72f155','Samsung SM-A505F','Active'),(100009701,1000097,'WMCQTY/bMTGPEhR/9IcoLNLRkhRcXJLyXmBBskUtl98=','Dee Pee Packaging Inds','9419240409','Admin',2,'121ea1d5c6802c9c','Xiaomi Mi A2','Active'),(100009801,1000098,'XCNYgnXN87XeMSWuD9l4UTO7vJav3Qa6PEdwkq9begY=','Box','9871538674','Admin',2,'8a7a1c6110fb4db7','Vivo 1819','Active'),(100009901,1000099,'4FwpdpYDH7jrlYTi+JdcEm8Vf5rS6Oy1XJBIv8YByKI=','Boxpack Zambia Ltd','0966695656','Admin',1,'1758530aa05c6b51','Samsung SM-G955F','Active'),(100010001,1000100,'L+Li5xPuiGV5/cB+aj9FDeFiIAQSt4QXumYL5YD2PCY=','fazepak ','7836507367','Admin',2,'37fd427c901361c0','Samsung SM-N975F','Active');
/*!40000 ALTER TABLE `userdetails` ENABLE KEYS */;
UNLOCK TABLES;
/*!40103 SET TIME_ZONE=@OLD_TIME_ZONE */;

/*!40101 SET SQL_MODE=@OLD_SQL_MODE */;
/*!40014 SET FOREIGN_KEY_CHECKS=@OLD_FOREIGN_KEY_CHECKS */;
/*!40014 SET UNIQUE_CHECKS=@OLD_UNIQUE_CHECKS */;
/*!40101 SET CHARACTER_SET_CLIENT=@OLD_CHARACTER_SET_CLIENT */;
/*!40101 SET CHARACTER_SET_RESULTS=@OLD_CHARACTER_SET_RESULTS */;
/*!40101 SET COLLATION_CONNECTION=@OLD_COLLATION_CONNECTION */;
/*!40111 SET SQL_NOTES=@OLD_SQL_NOTES */;

-- Dump completed on 2023-12-23 14:17:55
